Time,Temp,Prcp,Wvel,Wdir,Long,Lat
2021-01-01 00:00:00,,0.0,0.726,,,
2021-01-01 01:00:00,24.3,0.0,1.3583333333333334,253.33333333333334,-78.73,1.82
2021-01-01 02:00:00,24.2,0.05000000000000001,2.0000000000000004,208.5,-78.73,1.82
2021-01-01 03:00:00,24.2,0.0,1.9916666666666665,201.5,-78.73,1.82
2021-01-01 04:00:00,24.2,0.0,2.5866666666666664,212.16666666666666,-78.73,1.82
2021-01-01 05:00:00,24.4,0.0,2.6816666666666666,186.83333333333334,-78.73,1.82
2021-01-01 06:00:00,24.3,0.0,2.2333333333333334,192.33333333333334,-78.73,1.82
2021-01-01 07:00:00,24.1,0.0,2.845,203.0,-78.73,1.82
2021-01-01 08:00:00,24.2,0.0,2.7416666666666667,187.16666666666666,-78.73,1.82
2021-01-01 09:00:00,24.8,0.0,2.8816666666666664,196.33333333333334,-78.73,1.82
2021-01-01 10:00:00,25.6,0.03333333333333333,2.4216666666666664,206.16666666666666,-78.73,1.82
2021-01-01 11:00:00,25.0,0.2333333333333334,2.06,205.66666666666666,-78.73,1.82
2021-01-01 12:00:00,24.4,0.03333333333333333,1.8099999999999998,258.6666666666667,-78.73,1.82
2021-01-01 13:00:00,24.6,0.0,3.6566666666666663,252.33333333333334,-78.73,1.82
2021-01-01 14:00:00,25.1,0.0,4.195,240.66666666666666,-78.73,1.82
2021-01-01 15:00:00,25.8,0.0,3.735,247.33333333333334,-78.73,1.82
2021-01-01 16:00:00,26.0,0.0,4.111666666666666,265.3333333333333,-78.73,1.82
2021-01-01 17:00:00,25.8,0.0,2.838333333333333,274.6666666666667,-78.73,1.82
2021-01-01 18:00:00,25.6,0.0,2.7816666666666667,281.1666666666667,-78.73,1.82
2021-01-01 19:00:00,25.3,0.0,1.9766666666666666,264.8333333333333,-78.73,1.82
2021-01-01 20:00:00,25.1,0.03333333333333333,1.8016666666666667,264.0,-78.73,1.82
2021-01-01 21:00:00,24.9,0.016666666666666666,1.76,252.5,-78.73,1.82
2021-01-01 22:00:00,24.6,0.0,3.183333333333333,241.83333333333334,-78.73,1.82
2021-01-01 23:00:00,24.2,0.08333333333333333,3.0050000000000003,230.83333333333334,-78.73,1.82
2021-01-02 00:00:00,24.0,0.016666666666666666,3.77,221.0,-78.73,1.82
2021-01-02 01:00:00,23.8,0.03333333333333333,3.513333333333333,212.83333333333334,-78.73,1.82
2021-01-02 02:00:00,23.8,0.5499999999999999,4.363333333333334,221.16666666666666,-78.73,1.82
2021-01-02 03:00:00,23.6,0.3,3.205,216.33333333333334,-78.73,1.82
2021-01-02 04:00:00,23.6,0.15,3.7550000000000003,197.66666666666666,-78.73,1.82
2021-01-02 05:00:00,23.4,0.0,3.051666666666667,195.33333333333334,-78.73,1.82
2021-01-02 06:00:00,23.3,0.0,2.7616666666666667,199.66666666666666,-78.73,1.82
2021-01-02 07:00:00,23.3,0.0,2.115,191.0,-78.73,1.82
2021-01-02 08:00:00,23.5,0.016666666666666666,2.188333333333333,208.0,-78.73,1.82
2021-01-02 09:00:00,24.4,0.0,3.266666666666666,212.0,-78.73,1.82
2021-01-02 10:00:00,25.7,0.0,3.3266666666666667,235.0,-78.73,1.82
2021-01-02 11:00:00,25.9,0.0,3.64,253.5,-78.73,1.82
2021-01-02 12:00:00,27.1,0.0,3.518333333333333,251.16666666666666,-78.73,1.82
2021-01-02 13:00:00,27.3,0.0,3.2916666666666665,273.3333333333333,-78.73,1.82
2021-01-02 14:00:00,27.1,0.0,3.3016666666666663,278.1666666666667,-78.73,1.82
2021-01-02 15:00:00,26.5,0.0,3.4616666666666673,288.8333333333333,-78.73,1.82
2021-01-02 16:00:00,26.0,0.0,3.275,277.3333333333333,-78.73,1.82
2021-01-02 17:00:00,26.2,0.0,3.1316666666666664,270.5,-78.73,1.82
2021-01-02 18:00:00,25.9,0.0,1.8516666666666668,271.1666666666667,-78.73,1.82
2021-01-02 19:00:00,25.8,0.0,2.1766666666666667,277.5,-78.73,1.82
2021-01-02 20:00:00,25.6,0.0,1.27,260.6666666666667,-78.73,1.82
2021-01-02 21:00:00,25.5,0.0,1.6266666666666667,272.3333333333333,-78.73,1.82
2021-01-02 22:00:00,25.3,0.0,1.4483333333333333,242.83333333333334,-78.73,1.82
2021-01-02 23:00:00,25.2,0.0,1.5250000000000001,239.5,-78.73,1.82
2021-01-03 00:00:00,24.8,0.0,1.9066666666666665,228.33333333333334,-78.73,1.82
2021-01-03 01:00:00,24.4,0.0,4.3549999999999995,195.66666666666666,-78.73,1.82
2021-01-03 02:00:00,23.7,0.03333333333333333,3.4000000000000004,178.0,-78.73,1.82
2021-01-03 03:00:00,23.4,0.0,3.4450000000000003,187.16666666666666,-78.73,1.82
2021-01-03 04:00:00,23.4,0.0,4.1883333333333335,186.16666666666666,-78.73,1.82
2021-01-03 05:00:00,23.5,0.0,3.1199999999999997,181.83333333333334,-78.73,1.82
2021-01-03 06:00:00,23.6,0.0,3.25,173.33333333333334,-78.73,1.82
2021-01-03 07:00:00,23.5,0.03333333333333333,2.6933333333333334,160.33333333333334,-78.73,1.82
2021-01-03 08:00:00,23.6,0.0,3.1533333333333338,154.0,-78.73,1.82
2021-01-03 09:00:00,23.9,0.0,2.9283333333333332,167.0,-78.73,1.82
2021-01-03 10:00:00,24.4,0.0,3.0749999999999997,166.83333333333334,-78.73,1.82
2021-01-03 11:00:00,25.2,0.0,2.3133333333333335,157.33333333333334,-78.73,1.82
2021-01-03 12:00:00,26.0,0.0,1.9266666666666665,152.0,-78.73,1.82
2021-01-03 13:00:00,25.7,0.0,3.188333333333333,268.0,-78.73,1.82
2021-01-03 14:00:00,25.7,0.0,1.49,303.8333333333333,-78.73,1.82
2021-01-03 15:00:00,26.1,0.0,2.37,300.3333333333333,-78.73,1.82
2021-01-03 16:00:00,26.2,0.0,2.5116666666666667,294.1666666666667,-78.73,1.82
2021-01-03 17:00:00,25.8,0.0,2.6666666666666665,302.5,-78.73,1.82
2021-01-03 18:00:00,25.5,0.0,1.5116666666666667,301.5,-78.73,1.82
2021-01-03 19:00:00,25.1,0.0,1.07,301.6666666666667,-78.73,1.82
2021-01-03 20:00:00,24.9,0.0,0.565,307.8333333333333,-78.73,1.82
2021-01-03 21:00:00,24.6,0.0,0.5416666666666666,321.8333333333333,-78.73,1.82
2021-01-03 22:00:00,24.6,0.0,0.6066666666666666,292.3333333333333,-78.73,1.82
2021-01-03 23:00:00,24.5,0.0,0.8916666666666666,301.6666666666667,-78.73,1.82
2021-01-04 00:00:00,24.5,0.0,0.5716666666666667,270.6666666666667,-78.73,1.82
2021-01-04 01:00:00,24.3,0.0,1.2866666666666668,239.16666666666666,-78.73,1.82
2021-01-04 02:00:00,24.3,0.0,1.1066666666666667,196.5,-78.73,1.82
2021-01-04 03:00:00,24.1,0.0,1.5033333333333332,191.0,-78.73,1.82
2021-01-04 04:00:00,24.3,0.0,1.865,163.5,-78.73,1.82
2021-01-04 05:00:00,24.3,0.0,2.013333333333333,163.83333333333334,-78.73,1.82
2021-01-04 06:00:00,24.4,0.0,1.7349999999999997,163.5,-78.73,1.82
2021-01-04 07:00:00,24.5,0.0,1.4416666666666667,169.0,-78.73,1.82
2021-01-04 08:00:00,24.5,0.30000000000000004,2.731666666666667,195.83333333333334,-78.73,1.82
2021-01-04 09:00:00,24.2,0.0,3.0849999999999995,202.66666666666666,-78.73,1.82
2021-01-04 10:00:00,25.1,0.0,3.6316666666666664,224.0,-78.73,1.82
2021-01-04 11:00:00,25.5,0.0,3.5366666666666666,214.5,-78.73,1.82
2021-01-04 12:00:00,26.4,0.0,2.9,224.16666666666666,-78.73,1.82
2021-01-04 13:00:00,26.0,0.0,3.435,274.8333333333333,-78.73,1.82
2021-01-04 14:00:00,26.8,0.0,2.986666666666667,260.1666666666667,-78.73,1.82
2021-01-04 15:00:00,26.9,0.0,2.8816666666666664,286.8333333333333,-78.73,1.82
2021-01-04 16:00:00,26.9,0.0,3.535,290.8333333333333,-78.73,1.82
2021-01-04 17:00:00,26.3,0.0,3.268333333333334,283.3333333333333,-78.73,1.82
2021-01-04 18:00:00,25.8,0.0,4.241666666666667,279.0,-78.73,1.82
2021-01-04 19:00:00,25.6,0.0,2.5866666666666664,276.3333333333333,-78.73,1.82
2021-01-04 20:00:00,25.5,0.0,2.66,263.0,-78.73,1.82
2021-01-04 21:00:00,25.3,0.0,2.676666666666667,267.1666666666667,-78.73,1.82
2021-01-04 22:00:00,25.3,0.0,2.4483333333333337,265.6666666666667,-78.73,1.82
2021-01-04 23:00:00,25.4,0.0,2.661666666666667,259.3333333333333,-78.73,1.82
2021-01-05 00:00:00,25.1,0.0,2.731666666666667,250.83333333333334,-78.73,1.82
2021-01-05 01:00:00,24.9,0.0,2.006666666666667,251.5,-78.73,1.82
2021-01-05 02:00:00,24.5,0.0,1.6566666666666665,249.66666666666666,-78.73,1.82
2021-01-05 03:00:00,24.5,0.0,1.8200000000000003,239.66666666666666,-78.73,1.82
2021-01-05 04:00:00,24.4,0.0,2.1,251.0,-78.73,1.82
2021-01-05 05:00:00,24.6,0.0,2.34,256.3333333333333,-78.73,1.82
2021-01-05 06:00:00,24.6,0.0,2.3349999999999995,231.83333333333334,-78.73,1.82
2021-01-05 07:00:00,24.4,0.0,2.48,205.66666666666666,-78.73,1.82
2021-01-05 08:00:00,24.7,0.0,3.4166666666666674,183.0,-78.73,1.82
2021-01-05 09:00:00,25.3,0.0,3.6466666666666665,209.5,-78.73,1.82
2021-01-05 10:00:00,25.8,0.0,3.313333333333333,219.83333333333334,-78.73,1.82
2021-01-05 11:00:00,25.8,0.0,1.955,215.83333333333334,-78.73,1.82
2021-01-05 12:00:00,26.6,0.0,1.825,207.0,-78.73,1.82
2021-01-05 13:00:00,27.1,0.0,3.448333333333333,255.33333333333334,-78.73,1.82
2021-01-05 14:00:00,27.5,0.0,2.953333333333333,297.6666666666667,-78.73,1.82
2021-01-05 15:00:00,27.5,0.0,3.24,274.6666666666667,-78.73,1.82
2021-01-05 16:00:00,26.8,0.0,3.345,288.6666666666667,-78.73,1.82
2021-01-05 17:00:00,26.4,0.0,3.448333333333333,293.0,-78.73,1.82
2021-01-05 18:00:00,26.0,0.0,2.408333333333333,288.5,-78.73,1.82
2021-01-05 19:00:00,25.8,0.0,2.81,295.0,-78.73,1.82
2021-01-05 20:00:00,25.8,0.0,3.0133333333333336,295.6666666666667,-78.73,1.82
2021-01-05 21:00:00,25.7,0.0,2.336666666666667,290.0,-78.73,1.82
2021-01-05 22:00:00,25.5,0.0,1.6283333333333332,263.3333333333333,-78.73,1.82
2021-01-05 23:00:00,25.2,0.0,1.8183333333333334,254.33333333333334,-78.73,1.82
2021-01-06 00:00:00,25.1,0.0,1.7583333333333335,225.5,-78.73,1.82
2021-01-06 01:00:00,24.9,0.0,2.21,241.0,-78.73,1.82
2021-01-06 02:00:00,24.9,1.0666666666666667,1.8783333333333332,225.66666666666666,-78.73,1.82
2021-01-06 03:00:00,23.8,0.20000000000000004,2.4966666666666666,262.8333333333333,-78.73,1.82
2021-01-06 04:00:00,24.2,0.016666666666666666,1.5683333333333334,237.33333333333334,-78.73,1.82
2021-01-06 05:00:00,24.0,0.6833333333333335,1.87,267.0,-78.73,1.82
2021-01-06 06:00:00,24.0,0.0,0.9666666666666667,276.5,-78.73,1.82
2021-01-06 07:00:00,24.2,0.016666666666666666,2.4716666666666667,262.6666666666667,-78.73,1.82
2021-01-06 08:00:00,24.1,0.0,3.323333333333333,164.5,-78.73,1.82
2021-01-06 09:00:00,23.9,0.0,3.9633333333333343,139.33333333333334,-78.73,1.82
2021-01-06 10:00:00,24.1,0.4166666666666667,3.1500000000000004,141.5,-78.73,1.82
2021-01-06 11:00:00,23.4,0.4166666666666667,2.2116666666666664,170.5,-78.73,1.82
2021-01-06 12:00:00,23.4,0.06666666666666667,3.1566666666666663,196.66666666666666,-78.73,1.82
2021-01-06 13:00:00,23.9,0.0,2.4766666666666666,227.16666666666666,-78.73,1.82
2021-01-06 14:00:00,26.0,0.0,2.6,262.0,-78.73,1.82
2021-01-06 15:00:00,26.6,0.0,3.6533333333333338,258.5,-78.73,1.82
2021-01-06 16:00:00,26.1,0.0,3.391666666666667,300.0,-78.73,1.82
2021-01-06 17:00:00,25.9,0.0,2.67,301.0,-78.73,1.82
2021-01-06 18:00:00,25.9,0.0,1.58,279.6666666666667,-78.73,1.82
2021-01-06 19:00:00,25.2,0.0,0.8183333333333334,284.3333333333333,-78.73,1.82
2021-01-06 20:00:00,24.7,0.0,0.8433333333333334,302.3333333333333,-78.73,1.82
2021-01-06 21:00:00,24.6,0.0,1.36,313.6666666666667,-78.73,1.82
2021-01-06 22:00:00,24.8,0.0,1.4166666666666667,233.33333333333334,-78.73,1.82
2021-01-06 23:00:00,25.0,0.0,1.7433333333333332,212.33333333333334,-78.73,1.82
2021-01-07 00:00:00,24.8,0.0,2.235,183.66666666666666,-78.73,1.82
2021-01-07 01:00:00,24.5,0.0,1.3983333333333332,201.5,-78.73,1.82
2021-01-07 02:00:00,24.4,0.0,1.6583333333333332,250.0,-78.73,1.82
2021-01-07 03:00:00,24.0,0.0,1.91,207.83333333333334,-78.73,1.82
2021-01-07 04:00:00,24.0,0.0,3.185,180.33333333333334,-78.73,1.82
2021-01-07 05:00:00,23.7,0.0,2.2066666666666666,183.33333333333334,-78.73,1.82
2021-01-07 06:00:00,23.6,0.0,1.9266666666666667,195.83333333333334,-78.73,1.82
2021-01-07 07:00:00,23.6,0.0,1.9116666666666664,166.83333333333334,-78.73,1.82
2021-01-07 08:00:00,23.9,0.0,0.9933333333333333,164.33333333333334,-78.73,1.82
2021-01-07 09:00:00,25.5,0.0,1.0783333333333334,128.0,-78.73,1.82
2021-01-07 10:00:00,26.2,0.0,2.1633333333333336,119.0,-78.73,1.82
2021-01-07 11:00:00,26.2,0.0,3.378333333333334,305.1666666666667,-78.73,1.82
2021-01-07 12:00:00,26.7,0.0,3.2566666666666664,305.5,-78.73,1.82
2021-01-07 13:00:00,26.9,0.0,3.591666666666667,314.0,-78.73,1.82
2021-01-07 14:00:00,26.7,0.0,3.806666666666666,300.8333333333333,-78.73,1.82
2021-01-07 15:00:00,26.8,0.0,3.8816666666666673,292.5,-78.73,1.82
2021-01-07 16:00:00,26.9,0.0,3.2433333333333336,288.8333333333333,-78.73,1.82
2021-01-07 17:00:00,26.8,0.0,3.653333333333333,291.8333333333333,-78.73,1.82
2021-01-07 18:00:00,26.3,0.0,2.6833333333333336,290.8333333333333,-78.73,1.82
2021-01-07 19:00:00,26.1,0.0,2.525,293.5,-78.73,1.82
2021-01-07 20:00:00,26.0,0.0,1.4116666666666668,289.1666666666667,-78.73,1.82
2021-01-07 21:00:00,26.1,0.0,2.108333333333333,282.8333333333333,-78.73,1.82
2021-01-07 22:00:00,26.1,0.0,2.3333333333333335,280.8333333333333,-78.73,1.82
2021-01-07 23:00:00,25.4,0.0,2.1433333333333335,231.0,-78.73,1.82
2021-01-08 00:00:00,25.2,0.18333333333333335,2.5033333333333334,207.83333333333334,-78.73,1.82
2021-01-08 01:00:00,24.8,0.15,3.065,193.5,-78.73,1.82
2021-01-08 02:00:00,24.4,0.3333333333333333,2.921666666666667,161.33333333333334,-78.73,1.82
2021-01-08 03:00:00,24.3,0.08333333333333333,2.4166666666666665,159.83333333333334,-78.73,1.82
2021-01-08 04:00:00,24.3,0.016666666666666666,2.475,162.5,-78.73,1.82
2021-01-08 05:00:00,24.4,0.0,3.0233333333333334,149.0,-78.73,1.82
2021-01-08 06:00:00,24.0,2.016666666666667,3.56,148.16666666666666,-78.73,1.82
2021-01-08 07:00:00,23.3,1.3499999999999999,3.8733333333333335,136.0,-78.73,1.82
2021-01-08 08:00:00,23.1,0.23333333333333336,3.7533333333333334,176.5,-78.73,1.82
2021-01-08 09:00:00,23.7,0.0,3.341666666666667,190.83333333333334,-78.73,1.82
2021-01-08 10:00:00,24.9,0.0,3.8783333333333334,189.83333333333334,-78.73,1.82
2021-01-08 11:00:00,26.3,0.15,3.6966666666666668,214.0,-78.73,1.82
2021-01-08 12:00:00,25.4,0.016666666666666666,3.141666666666666,248.83333333333334,-78.73,1.82
2021-01-08 13:00:00,25.8,0.03333333333333333,2.0233333333333334,266.5,-78.73,1.82
2021-01-08 14:00:00,24.6,0.08333333333333333,2.7083333333333335,296.8333333333333,-78.73,1.82
2021-01-08 15:00:00,25.7,0.016666666666666666,4.748333333333333,290.5,-78.73,1.82
2021-01-08 16:00:00,25.9,0.0,3.205,284.1666666666667,-78.73,1.82
2021-01-08 17:00:00,26.2,0.0,3.7399999999999998,283.5,-78.73,1.82
2021-01-08 18:00:00,25.7,0.0,3.1400000000000006,282.1666666666667,-78.73,1.82
2021-01-08 19:00:00,25.3,0.0,3.0683333333333334,275.0,-78.73,1.82
2021-01-08 20:00:00,25.3,0.0,2.466666666666667,270.8333333333333,-78.73,1.82
2021-01-08 21:00:00,25.1,0.2833333333333333,2.268333333333333,273.3333333333333,-78.73,1.82
2021-01-08 22:00:00,24.4,0.16666666666666666,2.605,271.5,-78.73,1.82
2021-01-08 23:00:00,24.0,0.03333333333333333,3.39,223.33333333333334,-78.73,1.82
2021-01-09 00:00:00,23.9,0.03333333333333333,4.04,228.5,-78.73,1.82
2021-01-09 01:00:00,23.5,1.1,4.31,204.16666666666666,-78.73,1.82
2021-01-09 02:00:00,22.8,0.9,3.7016666666666667,224.16666666666666,-78.73,1.82
2021-01-09 03:00:00,22.3,0.65,3.81,220.5,-78.73,1.82
2021-01-09 04:00:00,22.4,0.18333333333333332,3.6833333333333336,191.16666666666666,-78.73,1.82
2021-01-09 05:00:00,22.3,0.3499999999999999,3.766666666666667,190.66666666666666,-78.73,1.82
2021-01-09 06:00:00,22.3,0.09999999999999999,3.7516666666666665,187.33333333333334,-78.73,1.82
2021-01-09 07:00:00,22.5,0.0,3.536666666666667,188.33333333333334,-78.73,1.82
2021-01-09 08:00:00,22.8,0.0,4.096666666666667,180.5,-78.73,1.82
2021-01-09 09:00:00,23.4,0.0,3.3316666666666666,169.0,-78.73,1.82
2021-01-09 10:00:00,24.7,0.0,3.918333333333333,192.83333333333334,-78.73,1.82
2021-01-09 11:00:00,25.7,0.0,2.14,225.83333333333334,-78.73,1.82
2021-01-09 12:00:00,26.4,0.0,4.218333333333333,289.6666666666667,-78.73,1.82
2021-01-09 13:00:00,26.5,0.0,3.105,294.8333333333333,-78.73,1.82
2021-01-09 14:00:00,26.7,0.0,3.8966666666666665,303.6666666666667,-78.73,1.82
2021-01-09 15:00:00,26.5,0.0,3.7533333333333334,294.6666666666667,-78.73,1.82
2021-01-09 16:00:00,26.6,0.0,3.34,295.8333333333333,-78.73,1.82
2021-01-09 17:00:00,26.5,0.0,2.8166666666666664,296.6666666666667,-78.73,1.82
2021-01-09 18:00:00,26.2,0.0,1.2899999999999998,295.0,-78.73,1.82
2021-01-09 19:00:00,25.8,0.0,1.2933333333333332,301.0,-78.73,1.82
2021-01-09 20:00:00,25.5,0.05000000000000001,0.7366666666666667,301.0,-78.73,1.82
2021-01-09 21:00:00,25.1,0.0,1.9633333333333336,247.83333333333334,-78.73,1.82
2021-01-09 22:00:00,25.5,0.016666666666666666,0.8216666666666667,212.16666666666666,-78.73,1.82
2021-01-09 23:00:00,25.1,0.0,2.231666666666667,226.83333333333334,-78.73,1.82
2021-01-10 00:00:00,24.8,0.0,2.4066666666666667,157.5,-78.73,1.82
2021-01-10 01:00:00,24.7,0.0,2.9516666666666667,163.5,-78.73,1.82
2021-01-10 02:00:00,24.6,0.0,3.573333333333333,169.33333333333334,-78.73,1.82
2021-01-10 03:00:00,24.2,0.0,3.936666666666666,161.66666666666666,-78.73,1.82
2021-01-10 04:00:00,24.0,0.0,2.2216666666666662,167.5,-78.73,1.82
2021-01-10 05:00:00,23.7,0.0,2.1666666666666665,234.83333333333334,-78.73,1.82
2021-01-10 06:00:00,23.7,0.0,1.4516666666666669,208.0,-78.73,1.82
2021-01-10 07:00:00,23.9,0.0,1.3599999999999997,191.16666666666666,-78.73,1.82
2021-01-10 08:00:00,24.4,0.0,1.9266666666666667,190.33333333333334,-78.73,1.82
2021-01-10 09:00:00,25.5,0.0,1.2783333333333333,177.83333333333334,-78.73,1.82
2021-01-10 10:00:00,26.3,0.0,1.2283333333333333,174.83333333333334,-78.73,1.82
2021-01-10 11:00:00,26.5,0.0,1.5466666666666662,160.66666666666666,-78.73,1.82
2021-01-10 12:00:00,27.6,0.0,2.6149999999999998,152.33333333333334,-78.73,1.82
2021-01-10 13:00:00,27.2,0.0,4.425,315.1666666666667,-78.73,1.82
2021-01-10 14:00:00,27.3,0.0,3.8066666666666666,302.0,-78.73,1.82
2021-01-10 15:00:00,27.0,0.0,3.405,290.1666666666667,-78.73,1.82
2021-01-10 16:00:00,27.0,0.0,2.9016666666666673,283.8333333333333,-78.73,1.82
2021-01-10 17:00:00,26.7,0.0,2.9250000000000003,284.0,-78.73,1.82
2021-01-10 18:00:00,26.5,0.0,2.1566666666666667,289.5,-78.73,1.82
2021-01-10 19:00:00,26.2,0.05000000000000001,1.1683333333333332,293.6666666666667,-78.73,1.82
2021-01-10 20:00:00,25.7,0.06666666666666667,1.2183333333333333,292.0,-78.73,1.82
2021-01-10 21:00:00,25.4,1.2333333333333332,1.0416666666666665,285.5,-78.73,1.82
2021-01-10 22:00:00,24.6,0.2833333333333334,1.4483333333333333,187.33333333333334,-78.73,1.82
2021-01-10 23:00:00,24.7,0.0,2.045,302.6666666666667,-78.73,1.82
2021-01-11 00:00:00,25.0,0.08333333333333333,4.255,185.16666666666666,-78.73,1.82
2021-01-11 01:00:00,24.5,0.016666666666666666,4.613333333333333,165.0,-78.73,1.82
2021-01-11 02:00:00,24.1,0.0,4.12,189.5,-78.73,1.82
2021-01-11 03:00:00,24.1,0.0,4.458333333333333,178.83333333333334,-78.73,1.82
2021-01-11 04:00:00,24.0,0.0,4.038333333333333,169.66666666666666,-78.73,1.82
2021-01-11 05:00:00,23.7,0.0,3.286666666666667,158.83333333333334,-78.73,1.82
2021-01-11 06:00:00,23.8,0.0,2.0116666666666667,159.83333333333334,-78.73,1.82
2021-01-11 07:00:00,23.8,0.0,1.1849999999999998,160.83333333333334,-78.73,1.82
2021-01-11 08:00:00,24.1,0.0,1.6033333333333335,187.16666666666666,-78.73,1.82
2021-01-11 09:00:00,24.8,0.0,2.381666666666667,225.0,-78.73,1.82
2021-01-11 10:00:00,25.6,0.0,2.5983333333333336,226.0,-78.73,1.82
2021-01-11 11:00:00,25.1,0.0,3.146666666666667,260.6666666666667,-78.73,1.82
2021-01-11 12:00:00,24.8,0.0,2.641666666666667,301.8333333333333,-78.73,1.82
2021-01-11 13:00:00,25.5,0.0,2.58,290.1666666666667,-78.73,1.82
2021-01-11 14:00:00,25.7,0.0,2.973333333333333,286.1666666666667,-78.73,1.82
2021-01-11 15:00:00,26.3,0.0,4.276666666666667,290.5,-78.73,1.82
2021-01-11 16:00:00,26.3,0.0,3.346666666666667,290.6666666666667,-78.73,1.82
2021-01-11 17:00:00,26.3,0.0,2.9150000000000005,285.6666666666667,-78.73,1.82
2021-01-11 18:00:00,26.0,0.0,2.098333333333333,277.1666666666667,-78.73,1.82
2021-01-11 19:00:00,25.7,0.0,1.6316666666666666,265.0,-78.73,1.82
2021-01-11 20:00:00,25.4,0.016666666666666666,2.0433333333333334,233.83333333333334,-78.73,1.82
2021-01-11 21:00:00,25.2,0.016666666666666666,1.7266666666666666,185.16666666666666,-78.73,1.82
2021-01-11 22:00:00,25.2,0.0,2.298333333333334,172.0,-78.73,1.82
2021-01-11 23:00:00,25.2,0.18333333333333335,1.623333333333333,170.16666666666666,-78.73,1.82
2021-01-12 00:00:00,24.9,0.13333333333333333,2.673333333333334,174.33333333333334,-78.73,1.82
2021-01-12 01:00:00,24.4,0.016666666666666666,2.605,161.0,-78.73,1.82
2021-01-12 02:00:00,24.3,0.0,2.35,162.16666666666666,-78.73,1.82
2021-01-12 03:00:00,24.4,0.0,1.9433333333333331,178.16666666666666,-78.73,1.82
2021-01-12 04:00:00,24.4,0.0,1.7416666666666665,189.66666666666666,-78.73,1.82
2021-01-12 05:00:00,24.0,0.0,2.1,230.0,-78.73,1.82
2021-01-12 06:00:00,24.4,0.0,2.266666666666667,182.33333333333334,-78.73,1.82
2021-01-12 07:00:00,24.3,0.0,1.6933333333333334,171.0,-78.73,1.82
2021-01-12 08:00:00,24.4,0.0,1.3499999999999999,151.0,-78.73,1.82
2021-01-12 09:00:00,25.5,0.0,1.24,122.66666666666667,-78.73,1.82
2021-01-12 10:00:00,25.9,0.0,2.1833333333333336,109.83333333333333,-78.73,1.82
2021-01-12 11:00:00,26.3,0.0,2.945,306.6666666666667,-78.73,1.82
2021-01-12 12:00:00,26.6,0.0,3.8200000000000003,311.6666666666667,-78.73,1.82
2021-01-12 13:00:00,26.4,0.0,3.241666666666667,310.1666666666667,-78.73,1.82
2021-01-12 14:00:00,26.3,0.0,2.9966666666666666,302.1666666666667,-78.73,1.82
2021-01-12 15:00:00,26.7,0.0,4.486666666666666,299.1666666666667,-78.73,1.82
2021-01-12 16:00:00,26.3,0.0,3.8983333333333334,298.3333333333333,-78.73,1.82
2021-01-12 17:00:00,26.3,0.0,2.171666666666667,292.1666666666667,-78.73,1.82
2021-01-12 18:00:00,25.8,0.0,1.985,294.1666666666667,-78.73,1.82
2021-01-12 19:00:00,25.7,0.0,2.09,292.6666666666667,-78.73,1.82
2021-01-12 20:00:00,25.8,0.03333333333333333,0.8266666666666667,300.8333333333333,-78.73,1.82
2021-01-12 21:00:00,25.4,0.0,0.8083333333333332,298.8333333333333,-78.73,1.82
2021-01-12 22:00:00,25.3,0.0,1.4266666666666667,269.0,-78.73,1.82
2021-01-12 23:00:00,25.4,0.0,1.4666666666666668,266.6666666666667,-78.73,1.82
2021-01-13 00:00:00,25.4,0.0,1.1666666666666667,256.0,-78.73,1.82
2021-01-13 01:00:00,25.3,0.0,1.9416666666666667,251.0,-78.73,1.82
2021-01-13 02:00:00,25.2,0.0,3.313333333333333,213.66666666666666,-78.73,1.82
2021-01-13 03:00:00,24.9,0.0,2.9033333333333338,183.33333333333334,-78.73,1.82
2021-01-13 04:00:00,24.7,0.0,3.11,185.83333333333334,-78.73,1.82
2021-01-13 05:00:00,24.5,0.0,2.67,169.16666666666666,-78.73,1.82
2021-01-13 06:00:00,24.6,0.0,2.453333333333333,150.33333333333334,-78.73,1.82
2021-01-13 07:00:00,24.5,0.0,2.3816666666666664,159.0,-78.73,1.82
2021-01-13 08:00:00,25.1,0.0,2.005,154.83333333333334,-78.73,1.82
2021-01-13 09:00:00,25.9,0.0,1.6500000000000001,162.0,-78.73,1.82
2021-01-13 10:00:00,26.8,0.0,0.93,150.5,-78.73,1.82
2021-01-13 11:00:00,27.9,0.0,3.0866666666666664,124.16666666666667,-78.73,1.82
2021-01-13 12:00:00,27.1,0.0,3.065,311.8333333333333,-78.73,1.82
2021-01-13 13:00:00,27.5,0.0,3.1050000000000004,307.8333333333333,-78.73,1.82
2021-01-13 14:00:00,27.4,0.0,3.186666666666667,294.1666666666667,-78.73,1.82
2021-01-13 15:00:00,27.5,0.0,3.3633333333333337,293.3333333333333,-78.73,1.82
2021-01-13 16:00:00,27.5,0.0,2.7433333333333336,299.0,-78.73,1.82
2021-01-13 17:00:00,27.5,0.0,3.3683333333333327,296.0,-78.73,1.82
2021-01-13 18:00:00,27.0,0.0,3.9066666666666663,276.3333333333333,-78.73,1.82
2021-01-13 19:00:00,26.7,0.0,3.4616666666666664,270.6666666666667,-78.73,1.82
2021-01-13 20:00:00,26.7,0.0,3.516666666666667,277.6666666666667,-78.73,1.82
2021-01-13 21:00:00,26.6,0.13333333333333333,2.5966666666666662,266.6666666666667,-78.73,1.82
2021-01-13 22:00:00,25.6,0.38333333333333336,1.9016666666666664,262.0,-78.73,1.82
2021-01-13 23:00:00,25.2,0.20000000000000004,2.248333333333333,257.8333333333333,-78.73,1.82
2021-01-14 00:00:00,24.9,0.09999999999999999,3.181666666666667,255.16666666666666,-78.73,1.82
2021-01-14 01:00:00,24.7,0.09999999999999999,4.08,231.83333333333334,-78.73,1.82
2021-01-14 02:00:00,24.4,0.016666666666666666,3.4283333333333332,201.16666666666666,-78.73,1.82
2021-01-14 03:00:00,24.5,0.0,3.8516666666666666,210.16666666666666,-78.73,1.82
2021-01-14 04:00:00,24.5,0.0,3.18,205.16666666666666,-78.73,1.82
2021-01-14 05:00:00,24.6,0.0,1.4516666666666669,236.5,-78.73,1.82
2021-01-14 06:00:00,24.7,1.1666666666666667,4.253333333333333,276.8333333333333,-78.73,1.82
2021-01-14 07:00:00,24.1,1.666666666666667,3.658333333333333,169.16666666666666,-78.73,1.82
2021-01-14 08:00:00,24.0,0.0,2.515,152.5,-78.73,1.82
2021-01-14 09:00:00,24.5,0.0,3.1216666666666666,165.83333333333334,-78.73,1.82
2021-01-14 10:00:00,26.4,0.0,2.3350000000000004,218.66666666666666,-78.73,1.82
2021-01-14 11:00:00,26.8,0.0,2.23,273.8333333333333,-78.73,1.82
2021-01-14 12:00:00,27.6,0.0,3.405,278.6666666666667,-78.73,1.82
2021-01-14 13:00:00,27.8,0.0,3.078333333333333,299.0,-78.73,1.82
2021-01-14 14:00:00,27.6,0.0,4.6,302.5,-78.73,1.82
2021-01-14 15:00:00,27.3,0.0,3.7550000000000003,299.8333333333333,-78.73,1.82
2021-01-14 16:00:00,27.6,0.0,3.7616666666666667,292.0,-78.73,1.82
2021-01-14 17:00:00,27.3,0.0,2.8966666666666665,290.3333333333333,-78.73,1.82
2021-01-14 18:00:00,26.7,0.0,2.8816666666666664,288.6666666666667,-78.73,1.82
2021-01-14 19:00:00,26.6,0.0,2.105,293.8333333333333,-78.73,1.82
2021-01-14 20:00:00,26.5,0.0,1.3999999999999997,282.0,-78.73,1.82
2021-01-14 21:00:00,26.3,0.0,1.2833333333333332,275.8333333333333,-78.73,1.82
2021-01-14 22:00:00,26.2,0.0,1.0633333333333332,230.66666666666666,-78.73,1.82
2021-01-14 23:00:00,26.1,0.0,1.53,238.83333333333334,-78.73,1.82
2021-01-15 00:00:00,25.7,0.0,1.7416666666666665,244.66666666666666,-78.73,1.82
2021-01-15 01:00:00,25.6,0.0,2.0483333333333333,266.6666666666667,-78.73,1.82
2021-01-15 02:00:00,25.1,0.0,2.1816666666666666,249.16666666666666,-78.73,1.82
2021-01-15 03:00:00,25.1,0.05000000000000001,4.806666666666666,253.66666666666666,-78.73,1.82
2021-01-15 04:00:00,23.9,0.0,4.261666666666667,208.5,-78.73,1.82
2021-01-15 05:00:00,23.7,0.0,3.966666666666667,201.66666666666666,-78.73,1.82
2021-01-15 06:00:00,23.6,0.0,3.8983333333333334,194.0,-78.73,1.82
2021-01-15 07:00:00,23.6,0.0,3.4050000000000007,191.0,-78.73,1.82
2021-01-15 08:00:00,23.8,0.0,2.481666666666667,179.0,-78.73,1.82
2021-01-15 09:00:00,24.3,0.0,3.1266666666666665,168.66666666666666,-78.73,1.82
2021-01-15 10:00:00,25.4,0.0,3.021666666666667,187.33333333333334,-78.73,1.82
2021-01-15 11:00:00,26.2,0.0,1.9133333333333333,202.83333333333334,-78.73,1.82
2021-01-15 12:00:00,26.8,0.0,2.9949999999999997,250.0,-78.73,1.82
2021-01-15 13:00:00,27.4,0.0,2.796666666666667,307.3333333333333,-78.73,1.82
2021-01-15 14:00:00,27.1,0.0,3.9916666666666667,303.6666666666667,-78.73,1.82
2021-01-15 15:00:00,27.2,0.0,3.6533333333333338,292.3333333333333,-78.73,1.82
2021-01-15 16:00:00,26.9,0.0,3.8699999999999997,294.6666666666667,-78.73,1.82
2021-01-15 17:00:00,26.9,0.0,3.3699999999999997,295.5,-78.73,1.82
2021-01-15 18:00:00,26.6,0.0,2.23,296.3333333333333,-78.73,1.82
2021-01-15 19:00:00,26.3,0.0,2.253333333333333,286.5,-78.73,1.82
2021-01-15 20:00:00,26.4,0.0,1.9166666666666667,289.1666666666667,-78.73,1.82
2021-01-15 21:00:00,26.5,0.08333333333333333,2.233333333333333,290.1666666666667,-78.73,1.82
2021-01-15 22:00:00,25.4,0.0,1.4683333333333335,305.0,-78.73,1.82
2021-01-15 23:00:00,25.5,0.0,1.2216666666666665,300.8333333333333,-78.73,1.82
2021-01-16 00:00:00,25.8,0.0,0.8583333333333334,273.5,-78.73,1.82
2021-01-16 01:00:00,25.6,0.0,1.6333333333333335,288.6666666666667,-78.73,1.82
2021-01-16 02:00:00,25.7,0.3,4.096666666666667,216.0,-78.73,1.82
2021-01-16 03:00:00,24.0,0.0,4.468333333333333,207.5,-78.73,1.82
2021-01-16 04:00:00,23.6,0.0,4.4399999999999995,193.83333333333334,-78.73,1.82
2021-01-16 05:00:00,23.5,0.0,4.555,196.16666666666666,-78.73,1.82
2021-01-16 06:00:00,23.7,0.0,3.135,194.33333333333334,-78.73,1.82
2021-01-16 07:00:00,23.6,0.0,3.0916666666666663,192.66666666666666,-78.73,1.82
2021-01-16 08:00:00,23.7,0.0,2.8866666666666667,169.33333333333334,-78.73,1.82
2021-01-16 09:00:00,24.0,0.0,2.9683333333333333,160.16666666666666,-78.73,1.82
2021-01-16 10:00:00,24.5,0.0,3.28,159.0,-78.73,1.82
2021-01-16 11:00:00,25.4,0.0,2.973333333333333,167.5,-78.73,1.82
2021-01-16 12:00:00,26.2,0.0,3.366666666666666,197.0,-78.73,1.82
2021-01-16 13:00:00,27.0,0.0,2.37,224.33333333333334,-78.73,1.82
2021-01-16 14:00:00,26.6,0.0,2.561666666666667,297.0,-78.73,1.82
2021-01-16 15:00:00,27.3,0.0,2.75,288.3333333333333,-78.73,1.82
2021-01-16 16:00:00,26.7,0.0,2.485,302.3333333333333,-78.73,1.82
2021-01-16 17:00:00,26.5,0.0,2.0733333333333333,298.6666666666667,-78.73,1.82
2021-01-16 18:00:00,26.4,0.0,1.46,294.6666666666667,-78.73,1.82
2021-01-16 19:00:00,25.8,0.0,1.0883333333333332,300.3333333333333,-78.73,1.82
2021-01-16 20:00:00,25.8,0.0,0.9516666666666667,306.6666666666667,-78.73,1.82
2021-01-16 21:00:00,25.8,0.0,1.1966666666666665,310.0,-78.73,1.82
2021-01-16 22:00:00,25.8,0.0,0.46166666666666667,308.8333333333333,-78.73,1.82
2021-01-16 23:00:00,25.6,0.0,0.4266666666666667,207.66666666666666,-78.73,1.82
2021-01-17 00:00:00,25.5,0.0,0.7733333333333334,169.33333333333334,-78.73,1.82
2021-01-17 01:00:00,25.2,1.4000000000000001,3.2650000000000006,176.66666666666666,-78.73,1.82
2021-01-17 02:00:00,23.3,2.15,3.770000000000001,257.3333333333333,-78.73,1.82
2021-01-17 03:00:00,23.2,0.16666666666666666,2.8866666666666667,239.33333333333334,-78.73,1.82
2021-01-17 04:00:00,23.3,0.016666666666666666,3.0850000000000004,189.16666666666666,-78.73,1.82
2021-01-17 05:00:00,23.5,0.0,4.246666666666667,183.66666666666666,-78.73,1.82
2021-01-17 06:00:00,23.5,0.0,4.433333333333333,175.83333333333334,-78.73,1.82
2021-01-17 07:00:00,23.4,0.0,4.636666666666667,180.16666666666666,-78.73,1.82
2021-01-17 08:00:00,23.5,0.0,4.114999999999999,189.33333333333334,-78.73,1.82
2021-01-17 09:00:00,24.0,0.0,3.1300000000000003,184.5,-78.73,1.82
2021-01-17 10:00:00,25.1,0.0,1.8816666666666668,180.33333333333334,-78.73,1.82
2021-01-17 11:00:00,26.2,0.0,1.62,185.0,-78.73,1.82
2021-01-17 12:00:00,26.6,0.0,2.8633333333333333,247.66666666666666,-78.73,1.82
2021-01-17 13:00:00,26.6,0.0,3.39,315.6666666666667,-78.73,1.82
2021-01-17 14:00:00,26.9,0.0,3.286666666666667,304.0,-78.73,1.82
2021-01-17 15:00:00,27.0,0.0,4.063333333333333,304.8333333333333,-78.73,1.82
2021-01-17 16:00:00,26.9,0.0,3.143333333333334,296.5,-78.73,1.82
2021-01-17 17:00:00,26.9,0.0,1.8499999999999999,299.6666666666667,-78.73,1.82
2021-01-17 18:00:00,26.7,0.0,1.0966666666666667,294.1666666666667,-78.73,1.82
2021-01-17 19:00:00,26.0,0.0,1.015,301.8333333333333,-78.73,1.82
2021-01-17 20:00:00,25.5,0.0,0.685,307.3333333333333,-78.73,1.82
2021-01-17 21:00:00,25.5,0.0,0.7183333333333333,230.16666666666666,-78.73,1.82
2021-01-17 22:00:00,25.2,0.0,1.6966666666666665,239.83333333333334,-78.73,1.82
2021-01-17 23:00:00,25.4,0.016666666666666666,3.58,157.16666666666666,-78.73,1.82
2021-01-18 00:00:00,25.0,0.0,3.3383333333333334,124.66666666666667,-78.73,1.82
2021-01-18 01:00:00,24.5,0.7833333333333333,2.601666666666667,126.83333333333333,-78.73,1.82
2021-01-18 02:00:00,23.4,0.26666666666666666,1.1033333333333333,150.5,-78.73,1.82
2021-01-18 03:00:00,23.5,0.5166666666666667,0.9266666666666666,224.66666666666666,-78.73,1.82
2021-01-18 04:00:00,23.3,0.016666666666666666,0.64,300.0,-78.73,1.82
2021-01-18 05:00:00,23.4,0.0,0.795,302.6666666666667,-78.73,1.82
2021-01-18 06:00:00,23.6,0.0,0.75,278.8333333333333,-78.73,1.82
2021-01-18 07:00:00,23.9,0.0,3.183333333333333,262.6666666666667,-78.73,1.82
2021-01-18 08:00:00,23.9,0.0,3.8233333333333337,198.66666666666666,-78.73,1.82
2021-01-18 09:00:00,24.0,0.0,3.86,208.66666666666666,-78.73,1.82
2021-01-18 10:00:00,25.0,0.0,2.9299999999999997,215.16666666666666,-78.73,1.82
2021-01-18 11:00:00,25.9,0.0,2.6466666666666665,213.33333333333334,-78.73,1.82
2021-01-18 12:00:00,26.5,0.0,2.4416666666666664,218.5,-78.73,1.82
2021-01-18 13:00:00,26.1,0.0,3.4250000000000003,276.5,-78.73,1.82
2021-01-18 14:00:00,26.4,0.0,4.329999999999999,292.3333333333333,-78.73,1.82
2021-01-18 15:00:00,26.0,0.0,3.85,294.8333333333333,-78.73,1.82
2021-01-18 16:00:00,25.9,0.0,2.0933333333333333,277.3333333333333,-78.73,1.82
2021-01-18 17:00:00,25.7,0.0,2.3183333333333334,291.6666666666667,-78.73,1.82
2021-01-18 18:00:00,25.7,0.0,1.47,283.3333333333333,-78.73,1.82
2021-01-18 19:00:00,25.7,0.0,1.2166666666666668,287.6666666666667,-78.73,1.82
2021-01-18 20:00:00,25.7,0.13333333333333333,1.4100000000000001,290.3333333333333,-78.73,1.82
2021-01-18 21:00:00,25.0,0.5499999999999999,1.2766666666666666,292.0,-78.73,1.82
2021-01-18 22:00:00,24.8,0.21666666666666667,1.3533333333333335,292.0,-78.73,1.82
2021-01-18 23:00:00,24.3,0.016666666666666666,2.5216666666666665,255.5,-78.73,1.82
2021-01-19 00:00:00,24.4,0.7999999999999999,3.14,226.16666666666666,-78.73,1.82
2021-01-19 01:00:00,23.8,2.066666666666667,1.9366666666666668,211.5,-78.73,1.82
2021-01-19 02:00:00,23.6,1.8833333333333335,1.0733333333333333,218.83333333333334,-78.73,1.82
2021-01-19 03:00:00,23.4,0.35000000000000003,1.4216666666666666,279.3333333333333,-78.73,1.82
2021-01-19 04:00:00,23.7,0.0,2.4433333333333334,230.66666666666666,-78.73,1.82
2021-01-19 05:00:00,23.9,0.0,3.016666666666667,172.33333333333334,-78.73,1.82
2021-01-19 06:00:00,23.9,0.0,2.9516666666666667,176.5,-78.73,1.82
2021-01-19 07:00:00,24.0,0.0,3.1316666666666664,184.33333333333334,-78.73,1.82
2021-01-19 08:00:00,24.1,0.0,2.6216666666666666,173.33333333333334,-78.73,1.82
2021-01-19 09:00:00,24.5,0.016666666666666666,2.355,170.16666666666666,-78.73,1.82
2021-01-19 10:00:00,25.3,0.0,1.635,173.0,-78.73,1.82
2021-01-19 11:00:00,26.1,0.0,1.5833333333333337,134.0,-78.73,1.82
2021-01-19 12:00:00,26.8,0.0,2.105,135.33333333333334,-78.73,1.82
2021-01-19 13:00:00,26.5,0.0,2.855,311.8333333333333,-78.73,1.82
2021-01-19 14:00:00,27.2,0.0,3.111666666666667,301.6666666666667,-78.73,1.82
2021-01-19 15:00:00,27.5,0.0,3.188333333333333,297.0,-78.73,1.82
2021-01-19 16:00:00,26.3,0.09999999999999999,2.795,294.5,-78.73,1.82
2021-01-19 17:00:00,24.6,0.016666666666666666,2.1766666666666663,301.3333333333333,-78.73,1.82
2021-01-19 18:00:00,25.3,0.0,1.7333333333333334,299.6666666666667,-78.73,1.82
2021-01-19 19:00:00,25.7,0.0,2.1033333333333335,301.0,-78.73,1.82
2021-01-19 20:00:00,26.0,0.0,1.57,301.5,-78.73,1.82
2021-01-19 21:00:00,26.1,0.05000000000000001,1.2366666666666666,270.8333333333333,-78.73,1.82
2021-01-19 22:00:00,25.6,0.35000000000000003,1.8033333333333335,257.3333333333333,-78.73,1.82
2021-01-19 23:00:00,25.2,1.5333333333333334,3.2849999999999997,212.0,-78.73,1.82
2021-01-20 00:00:00,24.5,1.9000000000000001,3.0933333333333337,174.5,-78.73,1.82
2021-01-20 01:00:00,24.3,1.366666666666667,2.933333333333333,184.0,-78.73,1.82
2021-01-20 02:00:00,24.1,0.35000000000000003,3.6300000000000003,162.5,-78.73,1.82
2021-01-20 03:00:00,23.9,1.05,3.408333333333333,186.5,-78.73,1.82
2021-01-20 04:00:00,23.9,1.7833333333333332,3.2833333333333328,175.33333333333334,-78.73,1.82
2021-01-20 05:00:00,23.7,0.016666666666666666,3.6916666666666664,181.33333333333334,-78.73,1.82
2021-01-20 06:00:00,23.7,0.11666666666666665,3.2900000000000005,182.33333333333334,-78.73,1.82
2021-01-20 07:00:00,23.6,0.016666666666666666,2.7183333333333333,208.0,-78.73,1.82
2021-01-20 08:00:00,24.3,0.11666666666666668,1.6866666666666665,221.66666666666666,-78.73,1.82
2021-01-20 09:00:00,24.3,0.03333333333333333,2.891666666666667,223.83333333333334,-78.73,1.82
2021-01-20 10:00:00,24.6,0.0,2.985,222.83333333333334,-78.73,1.82
2021-01-20 11:00:00,25.6,0.0,1.9033333333333333,209.33333333333334,-78.73,1.82
2021-01-20 12:00:00,26.3,0.016666666666666666,1.3066666666666666,202.0,-78.73,1.82
2021-01-20 13:00:00,26.7,0.0,2.0416666666666665,195.33333333333334,-78.73,1.82
2021-01-20 14:00:00,27.0,0.0,2.276666666666667,241.5,-78.73,1.82
2021-01-20 15:00:00,26.2,0.0,2.9683333333333333,283.6666666666667,-78.73,1.82
2021-01-20 16:00:00,25.2,0.03333333333333333,2.7249999999999996,290.8333333333333,-78.73,1.82
2021-01-20 17:00:00,25.2,0.0,2.558333333333333,272.8333333333333,-78.73,1.82
2021-01-20 18:00:00,25.6,0.0,2.015,267.3333333333333,-78.73,1.82
2021-01-20 19:00:00,25.6,0.0,1.6283333333333332,269.8333333333333,-78.73,1.82
2021-01-20 20:00:00,25.7,0.0,1.8816666666666668,269.8333333333333,-78.73,1.82
2021-01-20 21:00:00,25.9,0.03333333333333333,2.4799999999999995,256.1666666666667,-78.73,1.82
2021-01-20 22:00:00,25.3,0.016666666666666666,3.2249999999999996,242.5,-78.73,1.82
2021-01-20 23:00:00,25.0,0.0,4.3066666666666675,223.5,-78.73,1.82
2021-01-21 00:00:00,24.9,0.5,5.364999999999999,212.66666666666666,-78.73,1.82
2021-01-21 01:00:00,24.2,2.9666666666666672,5.761666666666667,190.66666666666666,-78.73,1.82
2021-01-21 02:00:00,23.6,0.3333333333333333,4.483333333333333,173.83333333333334,-78.73,1.82
2021-01-21 03:00:00,23.6,0.03333333333333333,5.155,199.5,-78.73,1.82
2021-01-21 04:00:00,23.6,0.55,4.891666666666667,194.66666666666666,-78.73,1.82
2021-01-21 05:00:00,23.5,0.21666666666666667,4.9383333333333335,185.33333333333334,-78.73,1.82
2021-01-21 06:00:00,23.5,0.016666666666666666,5.418333333333333,193.0,-78.73,1.82
2021-01-21 07:00:00,23.8,0.016666666666666666,4.488333333333333,192.83333333333334,-78.73,1.82
2021-01-21 08:00:00,23.8,0.0,5.373333333333334,197.0,-78.73,1.82
2021-01-21 09:00:00,23.9,0.0,3.921666666666667,186.16666666666666,-78.73,1.82
2021-01-21 10:00:00,24.3,0.0,4.0216666666666665,202.83333333333334,-78.73,1.82
2021-01-21 11:00:00,24.5,0.0,3.848333333333334,203.33333333333334,-78.73,1.82
2021-01-21 12:00:00,25.4,0.0,3.8466666666666662,198.5,-78.73,1.82
2021-01-21 13:00:00,26.0,0.0,3.3166666666666664,210.83333333333334,-78.73,1.82
2021-01-21 14:00:00,26.4,0.0,3.815,217.33333333333334,-78.73,1.82
2021-01-21 15:00:00,26.9,0.0,3.111666666666667,224.83333333333334,-78.73,1.82
2021-01-21 16:00:00,26.2,0.0,2.4216666666666664,240.83333333333334,-78.73,1.82
2021-01-21 17:00:00,26.3,0.0,2.54,254.83333333333334,-78.73,1.82
2021-01-21 18:00:00,25.8,0.0,1.1933333333333334,261.1666666666667,-78.73,1.82
2021-01-21 19:00:00,25.5,0.016666666666666666,1.3283333333333334,256.8333333333333,-78.73,1.82
2021-01-21 20:00:00,25.6,0.0,2.5700000000000003,237.66666666666666,-78.73,1.82
2021-01-21 21:00:00,25.3,0.21666666666666667,3.545,185.33333333333334,-78.73,1.82
2021-01-21 22:00:00,24.4,0.5833333333333334,2.876666666666667,191.83333333333334,-78.73,1.82
2021-01-21 23:00:00,23.8,0.4833333333333334,4.815,181.66666666666666,-78.73,1.82
2021-01-22 00:00:00,23.9,0.4000000000000001,5.596666666666668,158.83333333333334,-78.73,1.82
2021-01-22 01:00:00,23.5,0.5666666666666668,4.58,175.83333333333334,-78.73,1.82
2021-01-22 02:00:00,23.5,0.0,4.171666666666666,182.33333333333334,-78.73,1.82
2021-01-22 03:00:00,23.5,0.0,3.0666666666666664,186.5,-78.73,1.82
2021-01-22 04:00:00,23.4,0.016666666666666666,1.991666666666667,189.16666666666666,-78.73,1.82
2021-01-22 05:00:00,23.4,0.0,1.4466666666666665,199.33333333333334,-78.73,1.82
2021-01-22 06:00:00,23.3,0.0,0.9083333333333332,257.1666666666667,-78.73,1.82
2021-01-22 07:00:00,23.3,0.0,0.9366666666666666,308.8333333333333,-78.73,1.82
2021-01-22 08:00:00,24.0,0.0,1.1483333333333332,279.1666666666667,-78.73,1.82
2021-01-22 09:00:00,24.6,0.0,1.2066666666666668,225.0,-78.73,1.82
2021-01-22 10:00:00,25.5,0.0,1.2499999999999998,200.0,-78.73,1.82
2021-01-22 11:00:00,26.3,0.0,2.515,118.33333333333333,-78.73,1.82
2021-01-22 12:00:00,27.5,0.0,2.6766666666666663,155.16666666666666,-78.73,1.82
2021-01-22 13:00:00,27.1,0.0,3.36,254.83333333333334,-78.73,1.82
2021-01-22 14:00:00,27.6,0.0,2.4483333333333337,323.3333333333333,-78.73,1.82
2021-01-22 15:00:00,28.5,0.0,3.535,309.1666666666667,-78.73,1.82
2021-01-22 16:00:00,28.0,0.0,2.7133333333333334,299.3333333333333,-78.73,1.82
2021-01-22 17:00:00,27.6,0.0,3.31,293.0,-78.73,1.82
2021-01-22 18:00:00,26.9,0.0,2.3266666666666667,295.6666666666667,-78.73,1.82
2021-01-22 19:00:00,26.3,0.0,2.25,304.6666666666667,-78.73,1.82
2021-01-22 20:00:00,26.3,0.0,2.0316666666666667,303.6666666666667,-78.73,1.82
2021-01-22 21:00:00,26.3,0.26666666666666666,1.6033333333333333,308.0,-78.73,1.82
2021-01-22 22:00:00,25.3,0.65,1.2833333333333334,313.6666666666667,-78.73,1.82
2021-01-22 23:00:00,24.9,0.46666666666666673,0.6716666666666667,255.33333333333334,-78.73,1.82
2021-01-23 00:00:00,24.9,0.06666666666666667,0.785,196.16666666666666,-78.73,1.82
2021-01-23 01:00:00,25.0,0.016666666666666666,0.5499999999999999,179.33333333333334,-78.73,1.82
2021-01-23 02:00:00,24.9,0.03333333333333333,3.598333333333333,217.83333333333334,-78.73,1.82
2021-01-23 03:00:00,24.3,0.0,3.9666666666666663,123.5,-78.73,1.82
2021-01-23 04:00:00,24.1,0.0,2.5066666666666664,124.66666666666667,-78.73,1.82
2021-01-23 05:00:00,24.2,0.0,2.6283333333333334,131.16666666666666,-78.73,1.82
2021-01-23 06:00:00,23.9,0.0,2.565,173.33333333333334,-78.73,1.82
2021-01-23 07:00:00,24.0,0.0,3.2633333333333336,185.66666666666666,-78.73,1.82
2021-01-23 08:00:00,24.3,0.0,4.398333333333333,181.5,-78.73,1.82
2021-01-23 09:00:00,24.6,0.0,3.0916666666666663,169.83333333333334,-78.73,1.82
2021-01-23 10:00:00,25.6,0.016666666666666666,2.2583333333333333,181.66666666666666,-78.73,1.82
2021-01-23 11:00:00,26.9,0.0,1.31,190.83333333333334,-78.73,1.82
2021-01-23 12:00:00,28.2,0.0,2.1816666666666666,127.5,-78.73,1.82
2021-01-23 13:00:00,27.5,0.0,3.733333333333333,295.5,-78.73,1.82
2021-01-23 14:00:00,27.6,0.0,3.8433333333333333,316.1666666666667,-78.73,1.82
2021-01-23 15:00:00,27.8,0.0,2.336666666666667,309.8333333333333,-78.73,1.82
2021-01-23 16:00:00,27.7,0.0,2.841666666666667,296.3333333333333,-78.73,1.82
2021-01-23 17:00:00,27.3,0.0,2.4683333333333333,299.8333333333333,-78.73,1.82
2021-01-23 18:00:00,26.9,0.0,1.8533333333333335,310.5,-78.73,1.82
2021-01-23 19:00:00,26.5,0.0,1.7033333333333334,308.3333333333333,-78.73,1.82
2021-01-23 20:00:00,26.4,0.0,2.2066666666666666,307.5,-78.73,1.82
2021-01-23 21:00:00,26.4,0.0,1.175,304.5,-78.73,1.82
2021-01-23 22:00:00,26.2,0.016666666666666666,1.0333333333333332,302.3333333333333,-78.73,1.82
2021-01-23 23:00:00,25.8,0.0,0.6166666666666668,280.5,-78.73,1.82
2021-01-24 00:00:00,25.8,0.0,1.8566666666666667,246.66666666666666,-78.73,1.82
2021-01-24 01:00:00,25.4,0.016666666666666666,2.0016666666666665,181.5,-78.73,1.82
2021-01-24 02:00:00,25.0,0.0,2.3750000000000004,155.16666666666666,-78.73,1.82
2021-01-24 03:00:00,25.0,0.0,3.1566666666666667,165.0,-78.73,1.82
2021-01-24 04:00:00,24.6,0.0,2.735,195.0,-78.73,1.82
2021-01-24 05:00:00,24.5,0.0,2.5366666666666666,194.5,-78.73,1.82
2021-01-24 06:00:00,24.4,0.0,2.8383333333333334,198.83333333333334,-78.73,1.82
2021-01-24 07:00:00,24.3,0.0,2.5466666666666664,198.66666666666666,-78.73,1.82
2021-01-24 08:00:00,24.6,0.0,3.315000000000001,190.16666666666666,-78.73,1.82
2021-01-24 09:00:00,25.3,0.0,2.815,177.5,-78.73,1.82
2021-01-24 10:00:00,25.9,0.0,1.6933333333333334,172.0,-78.73,1.82
2021-01-24 11:00:00,27.2,0.0,1.325,133.5,-78.73,1.82
2021-01-24 12:00:00,27.6,0.016666666666666666,2.2216666666666667,246.83333333333334,-78.73,1.82
2021-01-24 13:00:00,27.8,0.0,2.84,297.1666666666667,-78.73,1.82
2021-01-24 14:00:00,28.5,0.0,2.9333333333333336,294.0,-78.73,1.82
2021-01-24 15:00:00,28.0,0.0,3.1799999999999997,283.5,-78.73,1.82
2021-01-24 16:00:00,27.3,0.0,2.931666666666667,285.1666666666667,-78.73,1.82
2021-01-24 17:00:00,27.1,0.0,2.7483333333333335,293.8333333333333,-78.73,1.82
2021-01-24 18:00:00,26.9,0.0,2.4466666666666663,273.3333333333333,-78.73,1.82
2021-01-24 19:00:00,26.6,0.0,1.9816666666666667,258.1666666666667,-78.73,1.82
2021-01-24 20:00:00,26.3,0.0,2.1950000000000003,237.83333333333334,-78.73,1.82
2021-01-24 21:00:00,26.0,0.0,2.5083333333333333,233.5,-78.73,1.82
2021-01-24 22:00:00,26.0,0.0,2.65,194.66666666666666,-78.73,1.82
2021-01-24 23:00:00,25.7,0.0,3.601666666666667,163.66666666666666,-78.73,1.82
2021-01-25 00:00:00,25.3,0.5833333333333333,3.5866666666666664,159.16666666666666,-78.73,1.82
2021-01-25 01:00:00,24.4,0.0,1.7033333333333331,154.16666666666666,-78.73,1.82
2021-01-25 02:00:00,24.6,0.03333333333333333,1.365,242.0,-78.73,1.82
2021-01-25 03:00:00,24.3,0.08333333333333333,1.1566666666666667,299.0,-78.73,1.82
2021-01-25 04:00:00,24.4,0.0,0.45166666666666666,304.0,-78.73,1.82
2021-01-25 05:00:00,24.4,0.0,0.6283333333333333,214.33333333333334,-78.73,1.82
2021-01-25 06:00:00,24.7,0.0,1.1216666666666666,276.8333333333333,-78.73,1.82
2021-01-25 07:00:00,24.3,0.0,0.8166666666666665,300.3333333333333,-78.73,1.82
2021-01-25 08:00:00,24.5,0.0,2.001666666666667,256.6666666666667,-78.73,1.82
2021-01-25 09:00:00,25.0,0.016666666666666666,1.75,312.3333333333333,-78.73,1.82
2021-01-25 10:00:00,24.9,0.0,1.4416666666666667,295.3333333333333,-78.73,1.82
2021-01-25 11:00:00,26.0,0.0,2.5833333333333335,232.0,-78.73,1.82
2021-01-25 12:00:00,25.7,0.0,0.9216666666666665,234.16666666666666,-78.73,1.82
2021-01-25 13:00:00,26.8,0.0,1.6049999999999998,218.66666666666666,-78.73,1.82
2021-01-25 14:00:00,26.4,0.09999999999999999,1.513333333333333,309.0,-78.73,1.82
2021-01-25 15:00:00,26.5,0.0,2.465,278.3333333333333,-78.73,1.82
2021-01-25 16:00:00,26.9,0.0,1.8866666666666667,215.83333333333334,-78.73,1.82
2021-01-25 17:00:00,26.7,0.0,2.115,199.0,-78.73,1.82
2021-01-25 18:00:00,26.5,0.0,2.7133333333333334,231.33333333333334,-78.73,1.82
2021-01-25 19:00:00,25.4,0.0,1.8416666666666668,296.6666666666667,-78.73,1.82
2021-01-25 20:00:00,25.0,0.46666666666666673,1.7300000000000002,292.0,-78.73,1.82
2021-01-25 21:00:00,24.9,0.016666666666666666,1.375,284.6666666666667,-78.73,1.82
2021-01-25 22:00:00,25.1,0.26666666666666666,1.945,287.3333333333333,-78.73,1.82
2021-01-25 23:00:00,24.7,0.9833333333333334,4.718333333333333,193.16666666666666,-78.73,1.82
2021-01-26 00:00:00,24.3,0.43333333333333335,5.205,168.16666666666666,-78.73,1.82
2021-01-26 01:00:00,24.3,0.35000000000000003,4.923333333333333,179.83333333333334,-78.73,1.82
2021-01-26 02:00:00,24.2,0.06666666666666667,3.7449999999999997,186.16666666666666,-78.73,1.82
2021-01-26 03:00:00,24.1,0.2333333333333333,3.2266666666666666,202.16666666666666,-78.73,1.82
2021-01-26 04:00:00,24.1,0.20000000000000004,4.095,195.16666666666666,-78.73,1.82
2021-01-26 05:00:00,24.1,0.23333333333333336,4.551666666666667,184.66666666666666,-78.73,1.82
2021-01-26 06:00:00,24.0,0.15000000000000002,4.288333333333333,184.16666666666666,-78.73,1.82
2021-01-26 07:00:00,24.0,0.18333333333333332,3.581666666666667,185.66666666666666,-78.73,1.82
2021-01-26 08:00:00,24.1,0.23333333333333336,2.3383333333333334,211.66666666666666,-78.73,1.82
2021-01-26 09:00:00,24.3,0.016666666666666666,3.3249999999999997,220.0,-78.73,1.82
2021-01-26 10:00:00,24.5,0.0,4.098333333333334,201.66666666666666,-78.73,1.82
2021-01-26 11:00:00,25.2,0.0,4.815,196.33333333333334,-78.73,1.82
2021-01-26 12:00:00,26.0,0.0,4.8100000000000005,211.83333333333334,-78.73,1.82
2021-01-26 13:00:00,27.2,0.0,3.9683333333333337,228.33333333333334,-78.73,1.82
2021-01-26 14:00:00,27.2,0.0,3.561666666666667,235.66666666666666,-78.73,1.82
2021-01-26 15:00:00,27.1,0.0,2.3699999999999997,241.0,-78.73,1.82
2021-01-26 16:00:00,26.8,0.0,2.0883333333333334,261.0,-78.73,1.82
2021-01-26 17:00:00,26.7,0.0,2.4133333333333336,273.5,-78.73,1.82
2021-01-26 18:00:00,26.2,0.0,2.253333333333333,247.66666666666666,-78.73,1.82
2021-01-26 19:00:00,25.8,0.05000000000000001,1.07,244.5,-78.73,1.82
2021-01-26 20:00:00,25.3,0.016666666666666666,2.501666666666667,222.0,-78.73,1.82
2021-01-26 21:00:00,25.3,0.0,1.4183333333333332,160.33333333333334,-78.73,1.82
2021-01-26 22:00:00,25.3,0.0,1.415,160.83333333333334,-78.73,1.82
2021-01-26 23:00:00,25.1,0.0,1.1383333333333334,171.66666666666666,-78.73,1.82
2021-01-27 00:00:00,25.0,0.0,1.515,190.16666666666666,-78.73,1.82
2021-01-27 01:00:00,24.9,0.0,1.5733333333333335,209.66666666666666,-78.73,1.82
2021-01-27 02:00:00,25.1,0.0,1.6483333333333334,190.83333333333334,-78.73,1.82
2021-01-27 03:00:00,24.9,0.0,3.06,169.5,-78.73,1.82
2021-01-27 04:00:00,24.8,0.0,3.595,168.33333333333334,-78.73,1.82
2021-01-27 05:00:00,24.7,0.0,3.563333333333334,177.16666666666666,-78.73,1.82
2021-01-27 06:00:00,24.5,0.0,2.695,157.5,-78.73,1.82
2021-01-27 07:00:00,24.5,0.0,2.658333333333333,154.0,-78.73,1.82
2021-01-27 08:00:00,25.0,0.0,3.0250000000000004,152.33333333333334,-78.73,1.82
2021-01-27 09:00:00,25.8,0.0,2.151666666666667,170.83333333333334,-78.73,1.82
2021-01-27 10:00:00,27.0,0.0,1.8416666666666666,171.33333333333334,-78.73,1.82
2021-01-27 11:00:00,28.4,0.0,2.6383333333333336,211.66666666666666,-78.73,1.82
2021-01-27 12:00:00,27.4,0.0,3.1816666666666666,281.8333333333333,-78.73,1.82
2021-01-27 13:00:00,28.2,0.0,4.13,314.6666666666667,-78.73,1.82
2021-01-27 14:00:00,28.2,0.0,5.551666666666667,297.3333333333333,-78.73,1.82
2021-01-27 15:00:00,27.8,0.0,3.93,296.3333333333333,-78.73,1.82
2021-01-27 16:00:00,27.5,0.0,2.5066666666666664,297.1666666666667,-78.73,1.82
2021-01-27 17:00:00,27.2,0.0,2.235,290.0,-78.73,1.82
2021-01-27 18:00:00,27.0,0.0,1.8416666666666668,282.0,-78.73,1.82
2021-01-27 19:00:00,26.8,0.0,1.9116666666666668,280.5,-78.73,1.82
2021-01-27 20:00:00,26.8,0.0,1.8399999999999999,289.8333333333333,-78.73,1.82
2021-01-27 21:00:00,26.7,0.0,1.585,259.5,-78.73,1.82
2021-01-27 22:00:00,26.1,0.11666666666666665,1.9216666666666666,261.1666666666667,-78.73,1.82
2021-01-27 23:00:00,25.0,1.3499999999999999,2.195,296.5,-78.73,1.82
2021-01-28 00:00:00,24.5,2.5500000000000003,1.4183333333333332,222.0,-78.73,1.82
2021-01-28 01:00:00,24.0,0.43333333333333335,1.7733333333333332,78.33333333333333,-78.73,1.82
2021-01-28 02:00:00,24.2,0.25,3.6366666666666667,118.16666666666667,-78.73,1.82
2021-01-28 03:00:00,24.1,0.7000000000000001,3.6116666666666664,154.5,-78.73,1.82
2021-01-28 04:00:00,23.8,0.6833333333333335,4.62,167.33333333333334,-78.73,1.82
2021-01-28 05:00:00,23.6,0.05000000000000001,5.123333333333334,186.33333333333334,-78.73,1.82
2021-01-28 06:00:00,23.8,0.03333333333333333,4.095,172.66666666666666,-78.73,1.82
2021-01-28 07:00:00,23.8,0.0,4.341666666666666,163.16666666666666,-78.73,1.82
2021-01-28 08:00:00,24.0,0.0,3.896666666666667,171.66666666666666,-78.73,1.82
2021-01-28 09:00:00,24.3,0.0,3.143333333333334,170.5,-78.73,1.82
2021-01-28 10:00:00,25.5,0.0,1.9566666666666663,170.0,-78.73,1.82
2021-01-28 11:00:00,26.7,0.0,1.8183333333333334,164.0,-78.73,1.82
2021-01-28 12:00:00,27.7,0.0,1.9816666666666665,197.5,-78.73,1.82
2021-01-28 13:00:00,27.9,0.0,3.451666666666666,258.1666666666667,-78.73,1.82
2021-01-28 14:00:00,27.7,0.0,3.0049999999999994,313.6666666666667,-78.73,1.82
2021-01-28 15:00:00,27.7,0.0,4.301666666666667,302.1666666666667,-78.73,1.82
2021-01-28 16:00:00,27.1,0.0,3.9049999999999994,293.0,-78.73,1.82
2021-01-28 17:00:00,25.6,0.0,2.6016666666666666,302.5,-78.73,1.82
2021-01-28 18:00:00,26.4,0.0,2.3733333333333335,302.6666666666667,-78.73,1.82
2021-01-28 19:00:00,25.8,0.0,2.0349999999999997,301.0,-78.73,1.82
2021-01-28 20:00:00,25.7,0.0,1.4083333333333332,297.8333333333333,-78.73,1.82
2021-01-28 21:00:00,25.8,0.0,1.07,306.1666666666667,-78.73,1.82
2021-01-28 22:00:00,25.8,0.0,2.7733333333333334,277.3333333333333,-78.73,1.82
2021-01-28 23:00:00,25.2,0.0,2.6366666666666667,200.16666666666666,-78.73,1.82
2021-01-29 00:00:00,24.9,0.0,2.7550000000000003,193.66666666666666,-78.73,1.82
2021-01-29 01:00:00,25.0,0.05000000000000001,3.311666666666666,186.5,-78.73,1.82
2021-01-29 02:00:00,24.7,0.0,4.673333333333333,176.33333333333334,-78.73,1.82
2021-01-29 03:00:00,24.5,0.19999999999999998,3.6916666666666664,174.0,-78.73,1.82
2021-01-29 04:00:00,24.3,0.0,3.2283333333333335,187.33333333333334,-78.73,1.82
2021-01-29 05:00:00,24.3,0.0,3.055,184.16666666666666,-78.73,1.82
2021-01-29 06:00:00,24.4,0.0,2.716666666666667,190.33333333333334,-78.73,1.82
2021-01-29 07:00:00,24.5,0.016666666666666666,2.4483333333333333,192.5,-78.73,1.82
2021-01-29 08:00:00,24.5,0.0,3.1200000000000006,199.0,-78.73,1.82
2021-01-29 09:00:00,25.2,0.0,2.7266666666666666,197.33333333333334,-78.73,1.82
2021-01-29 10:00:00,26.3,0.0,2.288333333333333,190.33333333333334,-78.73,1.82
2021-01-29 11:00:00,27.6,0.0,2.8866666666666667,214.0,-78.73,1.82
2021-01-29 12:00:00,26.1,0.9,3.5733333333333337,236.83333333333334,-78.73,1.82
2021-01-29 13:00:00,25.8,0.016666666666666666,3.688333333333334,228.33333333333334,-78.73,1.82
2021-01-29 14:00:00,27.8,0.0,3.3033333333333332,233.66666666666666,-78.73,1.82
2021-01-29 15:00:00,28.5,0.0,4.465,289.3333333333333,-78.73,1.82
2021-01-29 16:00:00,26.9,0.0,3.7216666666666662,275.5,-78.73,1.82
2021-01-29 17:00:00,26.8,0.0,2.808333333333333,282.5,-78.73,1.82
2021-01-29 18:00:00,26.4,2.216666666666667,2.601666666666667,277.1666666666667,-78.73,1.82
2021-01-29 19:00:00,25.5,0.016666666666666666,1.8016666666666665,293.8333333333333,-78.73,1.82
2021-01-29 20:00:00,26.0,0.0,1.9949999999999999,297.8333333333333,-78.73,1.82
2021-01-29 21:00:00,26.3,0.016666666666666666,1.955,304.8333333333333,-78.73,1.82
2021-01-29 22:00:00,26.3,0.6499999999999999,1.43,293.0,-78.73,1.82
2021-01-29 23:00:00,25.3,1.5833333333333333,0.9633333333333333,293.3333333333333,-78.73,1.82
2021-01-30 00:00:00,24.7,0.5166666666666667,0.4916666666666667,116.0,-78.73,1.82
2021-01-30 01:00:00,24.7,0.06666666666666667,0.43333333333333335,217.66666666666666,-78.73,1.82
2021-01-30 02:00:00,24.7,0.0,1.4383333333333332,77.16666666666667,-78.73,1.82
2021-01-30 03:00:00,24.8,0.4166666666666667,2.035,167.33333333333334,-78.73,1.82
2021-01-30 04:00:00,24.5,1.7333333333333334,3.2533333333333334,158.5,-78.73,1.82
2021-01-30 05:00:00,24.1,0.9833333333333335,3.1050000000000004,165.0,-78.73,1.82
2021-01-30 06:00:00,24.0,0.30000000000000004,2.9433333333333334,168.33333333333334,-78.73,1.82
2021-01-30 07:00:00,24.1,0.09999999999999999,1.6283333333333332,131.66666666666666,-78.73,1.82
2021-01-30 08:00:00,24.4,0.11666666666666668,1.4216666666666666,106.83333333333333,-78.73,1.82
2021-01-30 09:00:00,24.6,0.06666666666666667,1.3633333333333333,111.16666666666667,-78.73,1.82
2021-01-30 10:00:00,24.8,0.016666666666666666,0.7516666666666666,123.33333333333333,-78.73,1.82
2021-01-30 11:00:00,25.0,0.0,1.5266666666666666,224.5,-78.73,1.82
2021-01-30 12:00:00,25.6,0.016666666666666666,1.6450000000000002,230.33333333333334,-78.73,1.82
2021-01-30 13:00:00,26.0,0.0,1.4949999999999999,263.0,-78.73,1.82
2021-01-30 14:00:00,27.5,0.0,1.7350000000000003,259.0,-78.73,1.82
2021-01-30 15:00:00,28.0,0.0,2.33,282.6666666666667,-78.73,1.82
2021-01-30 16:00:00,27.9,0.0,2.096666666666667,297.6666666666667,-78.73,1.82
2021-01-30 17:00:00,27.6,0.0,2.0933333333333333,304.1666666666667,-78.73,1.82
2021-01-30 18:00:00,26.8,0.0,1.711666666666667,309.6666666666667,-78.73,1.82
2021-01-30 19:00:00,26.3,0.0,1.3833333333333335,300.0,-78.73,1.82
2021-01-30 20:00:00,26.1,0.0,0.5716666666666667,304.1666666666667,-78.73,1.82
2021-01-30 21:00:00,25.8,0.0,1.0716666666666668,240.0,-78.73,1.82
2021-01-30 22:00:00,25.8,0.0,0.41333333333333333,241.0,-78.73,1.82
2021-01-30 23:00:00,25.9,0.0,0.6966666666666668,310.0,-78.73,1.82
2021-01-31 00:00:00,25.7,0.049999999999999996,2.013333333333333,311.0,-78.73,1.82
2021-01-31 01:00:00,25.3,0.08333333333333333,1.595,203.66666666666666,-78.73,1.82
2021-01-31 02:00:00,25.3,0.0,2.5533333333333332,190.33333333333334,-78.73,1.82
2021-01-31 03:00:00,25.1,0.0,2.5733333333333333,187.66666666666666,-78.73,1.82
2021-01-31 04:00:00,24.9,0.0,1.9666666666666668,188.83333333333334,-78.73,1.82
2021-01-31 05:00:00,24.8,0.0,1.0283333333333333,198.83333333333334,-78.73,1.82
2021-01-31 06:00:00,24.7,0.0,1.2266666666666666,239.33333333333334,-78.73,1.82
2021-01-31 07:00:00,25.2,0.0,1.0666666666666667,170.0,-78.73,1.82
2021-01-31 08:00:00,25.5,0.0,2.065,153.16666666666666,-78.73,1.82
2021-01-31 09:00:00,26.3,0.0,1.5433333333333337,177.66666666666666,-78.73,1.82
2021-01-31 10:00:00,27.2,0.0,2.2083333333333335,208.33333333333334,-78.73,1.82
2021-01-31 11:00:00,27.6,0.0,3.141666666666667,304.0,-78.73,1.82
2021-01-31 12:00:00,27.3,0.0,3.3866666666666663,322.8333333333333,-78.73,1.82
2021-01-31 13:00:00,27.8,0.0,4.031666666666667,310.5,-78.73,1.82
2021-01-31 14:00:00,28.2,0.0,4.34,307.5,-78.73,1.82
2021-01-31 15:00:00,27.9,0.0,4.428333333333334,300.1666666666667,-78.73,1.82
2021-01-31 16:00:00,27.8,0.0,3.0549999999999997,297.1666666666667,-78.73,1.82
2021-01-31 17:00:00,28.0,0.0,2.8366666666666664,298.5,-78.73,1.82
2021-01-31 18:00:00,27.8,0.0,1.6449999999999998,293.8333333333333,-78.73,1.82
2021-01-31 19:00:00,27.1,0.0,1.16,284.0,-78.73,1.82
2021-01-31 20:00:00,26.9,0.0,1.1083333333333334,291.3333333333333,-78.73,1.82
2021-01-31 21:00:00,26.8,0.0,1.361666666666667,284.0,-78.73,1.82
2021-01-31 22:00:00,27.0,0.0,1.6449999999999998,276.1666666666667,-78.73,1.82
2021-01-31 23:00:00,26.7,0.0,1.3333333333333333,237.66666666666666,-78.73,1.82
2021-02-01 00:00:00,26.3,0.0,1.23,257.8333333333333,-78.73,1.82
