Time,SST,SS,Depth,Long,Lat
2019-12-16,27.025,31.6149,1.0,-78.85,2.0
2019-12-16,27.0271,31.6117,2.0,-78.85,2.0
2019-12-16,27.0272,31.6128,3.0,-78.85,2.0
2019-12-16,27.028,31.6196,4.0,-78.85,2.0
2019-12-16,27.0281,31.6245,5.0,-78.85,2.0
2019-12-16,27.0277,31.6305,6.0,-78.85,2.0
2019-12-16,27.0247,31.6517,7.0,-78.85,2.0
2019-12-16,27.0072,31.6849,8.0,-78.85,2.0
2019-12-16,26.9917,31.7129,9.0,-78.85,2.0
2019-12-16,26.9674,31.7971,10.0,-78.85,2.0
2019-12-16,26.8866,32.0339,11.0,-78.85,2.0
2019-12-16,26.7656,32.3542,12.0,-78.85,2.0
2019-12-16,26.7533,32.6739,13.0,-78.85,2.0
2019-12-16,26.8724,32.7222,14.0,-78.85,2.0
2019-12-16,26.9627,32.7197,15.0,-78.85,2.0
2019-12-16,26.9924,32.7139,16.0,-78.85,2.0
2019-12-16,26.9905,32.7171,17.0,-78.85,2.0
2019-12-16,26.9834,32.7254,18.0,-78.85,2.0
2019-12-16,26.9718,32.7376,19.0,-78.85,2.0
2019-12-16,26.9695,32.7442,20.0,-78.85,2.0
2019-12-16,26.9677,32.7466,21.0,-78.85,2.0
2019-12-16,26.9668,32.748,22.0,-78.85,2.0
2019-12-16,26.9661,32.7499,23.0,-78.85,2.0
2019-12-16,26.9655,32.7504,24.0,-78.85,2.0
2019-12-16,26.9656,32.7529,25.0,-78.85,2.0
2019-12-16,26.9659,32.7584,26.0,-78.85,2.0
2019-12-16,26.9681,32.7638,27.0,-78.85,2.0
2019-12-16,26.9707,32.7693,28.0,-78.85,2.0
2019-12-16,26.9741,32.7778,29.0,-78.85,2.0
2019-12-16,26.9822,32.8211,30.0,-78.85,2.0
2019-12-16,26.9997,32.8659,31.0,-78.85,2.0
2019-12-16,27.0038,32.8623,32.0,-78.85,2.0
2019-12-16,26.9865,32.8516,33.0,-78.85,2.0
2019-12-16,26.9647,32.8498,34.0,-78.85,2.0
2019-12-16,26.9532,32.8676,35.0,-78.85,2.0
2019-12-16,26.9527,32.8658,36.0,-78.85,2.0
2019-12-16,26.9444,32.8553,37.0,-78.85,2.0
2019-12-16,26.9342,32.8604,38.0,-78.85,2.0
2019-12-16,26.9273,32.8607,39.0,-78.85,2.0
2019-12-16,26.924,32.8728,40.0,-78.85,2.0
2019-12-16,26.9291,32.8787,41.0,-78.85,2.0
2019-12-16,26.9345,32.9005,42.0,-78.85,2.0
2019-12-16,26.9388,32.8749,43.0,-78.85,2.0
2019-12-16,26.8479,32.8356,44.0,-78.85,2.0
2019-12-16,26.7366,32.8582,45.0,-78.85,2.0
2019-12-16,26.6644,32.8631,46.0,-78.85,2.0
2019-12-16,26.6074,32.8075,47.0,-78.85,2.0
2019-12-16,26.4641,32.6924,48.0,-78.85,2.0
2019-12-16,26.1663,32.6212,49.0,-78.85,2.0
2019-12-16,25.5927,32.2105,50.0,-78.85,2.0
2019-12-16,23.3953,32.1845,51.0,-78.85,2.0
2019-12-16,20.6755,33.529,52.0,-78.85,2.0
2019-12-16,19.4956,34.2275,53.0,-78.85,2.0
2019-12-16,18.9969,34.4041,54.0,-78.85,2.0
2019-12-16,18.5836,34.4754,55.0,-78.85,2.0
2019-12-16,18.1961,34.621,56.0,-78.85,2.0
2019-12-16,17.9783,34.7776,57.0,-78.85,2.0
2019-12-16,17.9017,34.8366,58.0,-78.85,2.0
2019-12-16,17.8827,34.8438,59.0,-78.85,2.0
2019-12-16,17.8635,34.8349,60.0,-78.85,2.0
2019-12-16,17.7921,34.7924,61.0,-78.85,2.0
2019-12-16,17.6723,34.8379,62.0,-78.85,2.0
2019-12-16,17.6221,34.8505,63.0,-78.85,2.0
2019-12-16,17.5976,34.8522,64.0,-78.85,2.0
2019-12-16,17.5774,34.8488,65.0,-78.85,2.0
2019-12-16,17.5553,34.842,66.0,-78.85,2.0
2019-12-16,17.5267,34.8386,67.0,-78.85,2.0
2019-12-16,17.485,34.8179,68.0,-78.85,2.0
2019-12-16,17.4228,34.8354,69.0,-78.85,2.0
2019-12-16,17.3709,34.817,70.0,-78.85,2.0
2019-12-16,17.3029,34.8507,71.0,-78.85,2.0
2019-12-16,17.2618,34.8181,72.0,-78.85,2.0
2019-12-16,17.1515,34.8628,73.0,-78.85,2.0
2019-12-16,17.1147,34.8904,74.0,-78.85,2.0
2019-12-16,17.1013,34.9027,75.0,-78.85,2.0
2019-12-16,17.0999,34.9081,76.0,-78.85,2.0
2019-12-16,17.1025,34.9127,77.0,-78.85,2.0
2019-12-16,17.107,34.9158,78.0,-78.85,2.0
2019-12-16,17.0961,34.8786,79.0,-78.85,2.0
2019-12-16,17.0057,34.8737,80.0,-78.85,2.0
2019-12-30,27.3472,31.6496,1.0,-78.85,2.0
2019-12-30,27.345,31.6604,2.0,-78.85,2.0
2019-12-30,27.3347,31.6795,3.0,-78.85,2.0
2019-12-30,27.336,31.6796,4.0,-78.85,2.0
2019-12-30,27.3304,31.686,5.0,-78.85,2.0
2019-12-30,27.3188,31.7009,6.0,-78.85,2.0
2019-12-30,27.3058,31.7209,7.0,-78.85,2.0
2019-12-30,27.2906,31.7495,8.0,-78.85,2.0
2019-12-30,27.2752,31.7982,9.0,-78.85,2.0
2019-12-30,27.234,31.8841,10.0,-78.85,2.0
2019-12-30,27.208,31.9723,11.0,-78.85,2.0
2019-12-30,27.1886,32.0701,12.0,-78.85,2.0
2019-12-30,27.1598,32.1892,13.0,-78.85,2.0
2019-12-30,27.1497,32.2593,14.0,-78.85,2.0
2019-12-30,27.1269,32.4046,15.0,-78.85,2.0
2019-12-30,27.1143,32.4737,16.0,-78.85,2.0
2019-12-30,27.1075,32.5061,17.0,-78.85,2.0
2019-12-30,27.0952,32.5322,18.0,-78.85,2.0
2019-12-30,27.0715,32.5672,19.0,-78.85,2.0
2019-12-30,27.0674,32.5786,20.0,-78.85,2.0
2019-12-30,27.0653,32.5934,21.0,-78.85,2.0
2019-12-30,27.0582,32.6044,22.0,-78.85,2.0
2019-12-30,27.0395,32.6127,23.0,-78.85,2.0
2019-12-30,26.9911,32.6184,24.0,-78.85,2.0
2019-12-30,26.9367,32.6305,25.0,-78.85,2.0
2019-12-30,26.9141,32.6452,26.0,-78.85,2.0
2019-12-30,26.911,32.6463,27.0,-78.85,2.0
2019-12-30,26.9045,32.6536,28.0,-78.85,2.0
2019-12-30,26.8887,32.6469,29.0,-78.85,2.0
2019-12-30,26.8328,32.6468,30.0,-78.85,2.0
2019-12-30,26.7985,32.6537,31.0,-78.85,2.0
2019-12-30,26.7851,32.6476,32.0,-78.85,2.0
2019-12-30,26.7386,32.6473,33.0,-78.85,2.0
2019-12-30,26.7022,32.6402,34.0,-78.85,2.0
2019-12-30,26.6778,32.6471,35.0,-78.85,2.0
2019-12-30,26.6425,32.6465,36.0,-78.85,2.0
2019-12-30,26.5918,32.6531,37.0,-78.85,2.0
2019-12-30,26.5311,32.6611,38.0,-78.85,2.0
2019-12-30,26.479,32.6563,39.0,-78.85,2.0
2019-12-30,26.3753,32.664,40.0,-78.85,2.0
2019-12-30,26.0953,32.612,41.0,-78.85,2.0
2019-12-30,25.7187,32.773,42.0,-78.85,2.0
2019-12-30,25.445,32.7898,43.0,-78.85,2.0
2019-12-30,25.063,32.8927,44.0,-78.85,2.0
2019-12-30,24.8981,32.9694,45.0,-78.85,2.0
2019-12-30,24.8156,32.9792,46.0,-78.85,2.0
2019-12-30,24.0906,32.611,47.0,-78.85,2.0
2019-12-30,20.5145,33.5066,48.0,-78.85,2.0
2019-12-30,18.4815,34.3544,49.0,-78.85,2.0
2019-12-30,17.7586,34.6622,50.0,-78.85,2.0
2019-12-30,17.5094,34.734,51.0,-78.85,2.0
2019-12-30,17.3563,34.8005,52.0,-78.85,2.0
2019-12-30,17.3219,34.7973,53.0,-78.85,2.0
2019-12-30,17.1938,34.8078,54.0,-78.85,2.0
2019-12-30,17.0665,34.8384,55.0,-78.85,2.0
2019-12-30,16.8786,34.8479,56.0,-78.85,2.0
2019-12-30,16.6615,34.8229,57.0,-78.85,2.0
2019-12-30,16.3656,34.8912,58.0,-78.85,2.0
2019-12-30,16.2716,34.8968,59.0,-78.85,2.0
2019-12-30,16.1836,34.9119,60.0,-78.85,2.0
2019-12-30,16.1642,34.9254,61.0,-78.85,2.0
2019-12-30,16.1695,34.9288,62.0,-78.85,2.0
2019-12-30,16.1724,34.9257,63.0,-78.85,2.0
2019-12-30,-99999.0,-99999.0,64.0,-78.85,2.0
2019-12-30,-99999.0,-99999.0,65.0,-78.85,2.0
2019-12-30,-99999.0,-99999.0,66.0,-78.85,2.0
2019-12-30,-99999.0,-99999.0,67.0,-78.85,2.0
2019-12-30,-99999.0,-99999.0,68.0,-78.85,2.0
2019-12-30,-99999.0,-99999.0,69.0,-78.85,2.0
2019-12-30,-99999.0,-99999.0,70.0,-78.85,2.0
2019-12-30,-99999.0,-99999.0,71.0,-78.85,2.0
2019-12-30,-99999.0,-99999.0,72.0,-78.85,2.0
2019-12-30,-99999.0,-99999.0,73.0,-78.85,2.0
2019-12-30,-99999.0,-99999.0,74.0,-78.85,2.0
2019-12-30,-99999.0,-99999.0,75.0,-78.85,2.0
2019-12-30,-99999.0,-99999.0,76.0,-78.85,2.0
2019-12-30,-99999.0,-99999.0,77.0,-78.85,2.0
2019-12-30,-99999.0,-99999.0,78.0,-78.85,2.0
2019-12-30,-99999.0,-99999.0,79.0,-78.85,2.0
2019-12-30,-99999.0,-99999.0,80.0,-78.85,2.0
2020-01-15,27.4051,31.6634,1.0,-78.85,2.0
2020-01-15,27.4043,31.6636,2.0,-78.85,2.0
2020-01-15,27.4044,31.665,3.0,-78.85,2.0
2020-01-15,27.4057,31.6644,4.0,-78.85,2.0
2020-01-15,27.4061,31.6659,5.0,-78.85,2.0
2020-01-15,27.407,31.6688,6.0,-78.85,2.0
2020-01-15,27.4087,31.6809,7.0,-78.85,2.0
2020-01-15,27.409,31.6938,8.0,-78.85,2.0
2020-01-15,27.4091,31.7384,9.0,-78.85,2.0
2020-01-15,27.408,31.8192,10.0,-78.85,2.0
2020-01-15,27.3948,31.9354,11.0,-78.85,2.0
2020-01-15,27.3655,32.1071,12.0,-78.85,2.0
2020-01-15,27.327,32.2662,13.0,-78.85,2.0
2020-01-15,27.3105,32.3962,14.0,-78.85,2.0
2020-01-15,27.3021,32.435,15.0,-78.85,2.0
2020-01-15,27.3008,32.4522,16.0,-78.85,2.0
2020-01-15,27.3028,32.4561,17.0,-78.85,2.0
2020-01-15,27.3029,32.4716,18.0,-78.85,2.0
2020-01-15,27.3008,32.4984,19.0,-78.85,2.0
2020-01-15,27.2968,32.5267,20.0,-78.85,2.0
2020-01-15,27.293,32.5754,21.0,-78.85,2.0
2020-01-15,27.2843,32.6178,22.0,-78.85,2.0
2020-01-15,27.2752,32.6331,23.0,-78.85,2.0
2020-01-15,27.2701,32.6353,24.0,-78.85,2.0
2020-01-15,27.263,32.639,25.0,-78.85,2.0
2020-01-15,27.2502,32.6485,26.0,-78.85,2.0
2020-01-15,27.2372,32.6603,27.0,-78.85,2.0
2020-01-15,27.2186,32.6755,28.0,-78.85,2.0
2020-01-15,27.2094,32.6846,29.0,-78.85,2.0
2020-01-15,27.1991,32.6943,30.0,-78.85,2.0
2020-01-15,27.1902,32.7081,31.0,-78.85,2.0
2020-01-15,27.1852,32.7211,32.0,-78.85,2.0
2020-01-15,27.186,32.7496,33.0,-78.85,2.0
2020-01-15,27.1946,32.7673,34.0,-78.85,2.0
2020-01-15,27.194,32.7727,35.0,-78.85,2.0
2020-01-15,27.1888,32.7769,36.0,-78.85,2.0
2020-01-15,27.1551,32.6979,37.0,-78.85,2.0
2020-01-15,26.9422,32.6437,38.0,-78.85,2.0
2020-01-15,26.5959,32.6596,39.0,-78.85,2.0
2020-01-15,26.0345,32.6671,40.0,-78.85,2.0
2020-01-15,25.3903,32.7592,41.0,-78.85,2.0
2020-01-15,24.8011,32.9946,42.0,-78.85,2.0
2020-01-15,24.4873,33.1286,43.0,-78.85,2.0
2020-01-15,23.8769,32.6025,44.0,-78.85,2.0
2020-01-15,21.6481,32.4894,45.0,-78.85,2.0
2020-01-15,18.9539,33.7033,46.0,-78.85,2.0
2020-01-15,17.6458,34.507,47.0,-78.85,2.0
2020-01-15,17.228,34.824,48.0,-78.85,2.0
2020-01-15,17.1125,34.8943,49.0,-78.85,2.0
2020-01-15,17.0658,34.9051,50.0,-78.85,2.0
2020-01-15,17.0341,34.9008,51.0,-78.85,2.0
2020-01-15,16.9875,34.8678,52.0,-78.85,2.0
2020-01-15,16.8882,34.8498,53.0,-78.85,2.0
2020-01-15,16.7946,34.9104,54.0,-78.85,2.0
2020-01-15,16.7669,34.925,55.0,-78.85,2.0
2020-01-15,16.7579,34.9257,56.0,-78.85,2.0
2020-01-15,16.7548,34.9192,57.0,-78.85,2.0
2020-01-15,16.7515,34.9169,58.0,-78.85,2.0
2020-01-15,16.7437,34.9126,59.0,-78.85,2.0
2020-01-15,16.7349,34.9059,60.0,-78.85,2.0
2020-01-15,16.7155,34.8918,61.0,-78.85,2.0
2020-01-15,16.6681,34.8638,62.0,-78.85,2.0
2020-01-15,16.5971,34.8848,63.0,-78.85,2.0
2020-01-15,16.5602,34.9157,64.0,-78.85,2.0
2020-01-15,16.5526,34.9198,65.0,-78.85,2.0
2020-01-15,16.545,34.922,66.0,-78.85,2.0
2020-01-15,16.5407,34.9218,67.0,-78.85,2.0
2020-01-15,16.54,34.9224,68.0,-78.85,2.0
2020-01-15,16.5403,34.921,69.0,-78.85,2.0
2020-01-15,16.5405,34.9199,70.0,-78.85,2.0
2020-01-15,16.5398,34.919,71.0,-78.85,2.0
2020-01-15,16.5397,34.9179,72.0,-78.85,2.0
2020-01-15,16.5377,34.9143,73.0,-78.85,2.0
2020-01-15,16.5298,34.9013,74.0,-78.85,2.0
2020-01-15,16.5019,34.8883,75.0,-78.85,2.0
2020-01-15,16.4626,34.8848,76.0,-78.85,2.0
2020-01-15,16.4225,34.8853,77.0,-78.85,2.0
2020-01-15,16.3927,34.9013,78.0,-78.85,2.0
2020-01-15,16.3923,34.8877,79.0,-78.85,2.0
2020-01-15,16.3612,34.9022,80.0,-78.85,2.0
2020-01-30,27.806,29.0409,1.0,-78.85,2.0
2020-01-30,27.8092,29.0886,2.0,-78.85,2.0
2020-01-30,27.8491,29.3249,3.0,-78.85,2.0
2020-01-30,27.9008,29.7113,4.0,-78.85,2.0
2020-01-30,27.9032,30.6378,5.0,-78.85,2.0
2020-01-30,27.6866,31.0811,6.0,-78.85,2.0
2020-01-30,27.6232,31.3052,7.0,-78.85,2.0
2020-01-30,27.6924,31.395,8.0,-78.85,2.0
2020-01-30,27.7248,31.3853,9.0,-78.85,2.0
2020-01-30,27.7152,31.3742,10.0,-78.85,2.0
2020-01-30,27.6894,31.379,11.0,-78.85,2.0
2020-01-30,27.6697,31.382,12.0,-78.85,2.0
2020-01-30,27.654,31.3817,13.0,-78.85,2.0
2020-01-30,27.64,31.3927,14.0,-78.85,2.0
2020-01-30,27.6348,31.4459,15.0,-78.85,2.0
2020-01-30,27.6211,31.4616,16.0,-78.85,2.0
2020-01-30,27.5342,31.4697,17.0,-78.85,2.0
2020-01-30,27.4562,31.5026,18.0,-78.85,2.0
2020-01-30,27.4134,31.5243,19.0,-78.85,2.0
2020-01-30,27.3937,31.5418,20.0,-78.85,2.0
2020-01-30,27.3794,31.5737,21.0,-78.85,2.0
2020-01-30,27.3753,31.5875,22.0,-78.85,2.0
2020-01-30,27.3704,31.594,23.0,-78.85,2.0
2020-01-30,27.3628,31.6027,24.0,-78.85,2.0
2020-01-30,27.3575,31.612,25.0,-78.85,2.0
2020-01-30,27.3509,31.627,26.0,-78.85,2.0
2020-01-30,27.34,31.6403,27.0,-78.85,2.0
2020-01-30,27.3358,31.6492,28.0,-78.85,2.0
2020-01-30,27.3132,31.6755,29.0,-78.85,2.0
2020-01-30,27.2748,31.705,30.0,-78.85,2.0
2020-01-30,27.2405,31.7302,31.0,-78.85,2.0
2020-01-30,27.1861,31.7725,32.0,-78.85,2.0
2020-01-30,27.1439,31.807,33.0,-78.85,2.0
2020-01-30,27.094,31.8398,34.0,-78.85,2.0
2020-01-30,27.0411,31.8219,35.0,-78.85,2.0
2020-01-30,25.8759,30.9773,36.0,-78.85,2.0
2020-01-30,21.6054,32.353,37.0,-78.85,2.0
2020-01-30,18.4118,33.8334,38.0,-78.85,2.0
2020-01-30,17.1488,34.7526,39.0,-78.85,2.0
2020-01-30,16.8506,34.8737,40.0,-78.85,2.0
2020-01-30,16.7184,34.9507,41.0,-78.85,2.0
2020-01-30,16.6711,34.9245,42.0,-78.85,2.0
2020-01-30,16.5535,34.8577,43.0,-78.85,2.0
2020-01-30,16.4014,34.9189,44.0,-78.85,2.0
2020-01-30,16.3529,34.9437,45.0,-78.85,2.0
2020-01-30,16.3236,34.9176,46.0,-78.85,2.0
2020-01-30,16.2671,34.9178,47.0,-78.85,2.0
2020-01-30,16.2255,34.9333,48.0,-78.85,2.0
2020-01-30,16.2048,34.9362,49.0,-78.85,2.0
2020-01-30,16.194,34.9484,50.0,-78.85,2.0
2020-01-30,16.1794,34.9308,51.0,-78.85,2.0
2020-01-30,16.1521,34.9343,52.0,-78.85,2.0
2020-01-30,16.1354,34.9415,53.0,-78.85,2.0
2020-01-30,16.1282,34.9457,54.0,-78.85,2.0
2020-01-30,16.1165,34.9351,55.0,-78.85,2.0
2020-01-30,16.0716,34.931,56.0,-78.85,2.0
2020-01-30,16.0419,34.937,57.0,-78.85,2.0
2020-01-30,16.0273,34.9346,58.0,-78.85,2.0
2020-01-30,16.0078,34.9257,59.0,-78.85,2.0
2020-01-30,15.9815,34.927,60.0,-78.85,2.0
2020-01-30,15.9604,34.9301,61.0,-78.85,2.0
2020-01-30,15.9525,34.9284,62.0,-78.85,2.0
2020-01-30,15.9414,34.9352,63.0,-78.85,2.0
2020-01-30,15.9394,34.936,64.0,-78.85,2.0
2020-01-30,15.9384,34.935,65.0,-78.85,2.0
2020-01-30,15.9348,34.9298,66.0,-78.85,2.0
2020-01-30,15.9139,34.9176,67.0,-78.85,2.0
2020-01-30,15.889,34.9255,68.0,-78.85,2.0
2020-01-30,15.8722,34.9326,69.0,-78.85,2.0
2020-01-30,15.8651,34.9252,70.0,-78.85,2.0
2020-01-30,15.8448,34.9272,71.0,-78.85,2.0
2020-01-30,15.8368,34.9309,72.0,-78.85,2.0
2020-01-30,15.8321,34.929,73.0,-78.85,2.0
2020-01-30,15.8281,34.9304,74.0,-78.85,2.0
2020-01-30,15.8255,34.9322,75.0,-78.85,2.0
2020-01-30,15.8246,34.9313,76.0,-78.85,2.0
2020-01-30,15.8186,34.926,77.0,-78.85,2.0
2020-01-30,15.8001,34.9188,78.0,-78.85,2.0
2020-01-30,15.7668,34.9125,79.0,-78.85,2.0
2020-01-30,15.7351,34.9216,80.0,-78.85,2.0
2020-02-14,28.051,30.4593,1.0,-78.85,2.0
2020-02-14,28.1235,30.7926,2.0,-78.85,2.0
2020-02-14,28.2126,30.909,3.0,-78.85,2.0
2020-02-14,28.2741,30.9434,4.0,-78.85,2.0
2020-02-14,28.2972,30.954,5.0,-78.85,2.0
2020-02-14,28.3129,30.966,6.0,-78.85,2.0
2020-02-14,28.3158,30.9842,7.0,-78.85,2.0
2020-02-14,28.3186,31.0042,8.0,-78.85,2.0
2020-02-14,28.3174,31.0445,9.0,-78.85,2.0
2020-02-14,28.3139,31.084,10.0,-78.85,2.0
2020-02-14,28.3008,31.2674,11.0,-78.85,2.0
2020-02-14,28.1235,31.567,12.0,-78.85,2.0
2020-02-14,27.9805,31.7263,13.0,-78.85,2.0
2020-02-14,27.9023,31.8176,14.0,-78.85,2.0
2020-02-14,27.8344,31.8623,15.0,-78.85,2.0
2020-02-14,27.7604,31.8808,16.0,-78.85,2.0
2020-02-14,27.693,31.9074,17.0,-78.85,2.0
2020-02-14,27.5877,31.9211,18.0,-78.85,2.0
2020-02-14,27.4139,31.8694,19.0,-78.85,2.0
2020-02-14,27.1734,31.8879,20.0,-78.85,2.0
2020-02-14,26.831,31.9409,21.0,-78.85,2.0
2020-02-14,26.4768,32.0817,22.0,-78.85,2.0
2020-02-14,26.2028,32.0508,23.0,-78.85,2.0
2020-02-14,25.6222,31.9537,24.0,-78.85,2.0
2020-02-14,24.2276,32.3073,25.0,-78.85,2.0
2020-02-14,22.7593,32.8615,26.0,-78.85,2.0
2020-02-14,21.4225,33.5282,27.0,-78.85,2.0
2020-02-14,20.7895,34.0802,28.0,-78.85,2.0
2020-02-14,20.5601,34.3,29.0,-78.85,2.0
2020-02-14,20.4444,34.3165,30.0,-78.85,2.0
2020-02-14,20.2912,34.2943,31.0,-78.85,2.0
2020-02-14,19.9651,34.3624,32.0,-78.85,2.0
2020-02-14,19.6259,34.3539,33.0,-78.85,2.0
2020-02-14,19.0889,34.3465,34.0,-78.85,2.0
2020-02-14,18.3397,34.3707,35.0,-78.85,2.0
2020-02-14,17.8611,34.7334,36.0,-78.85,2.0
2020-02-14,17.6996,34.8075,37.0,-78.85,2.0
2020-02-14,17.6173,34.799,38.0,-78.85,2.0
2020-02-14,17.5243,34.8077,39.0,-78.85,2.0
2020-02-14,17.4346,34.7713,40.0,-78.85,2.0
2020-02-14,17.2744,34.7868,41.0,-78.85,2.0
2020-02-14,17.1481,34.8155,42.0,-78.85,2.0
2020-02-14,17.0411,34.8353,43.0,-78.85,2.0
2020-02-14,16.9641,34.8509,44.0,-78.85,2.0
2020-02-14,16.9139,34.8645,45.0,-78.85,2.0
2020-02-14,16.8837,34.8676,46.0,-78.85,2.0
2020-02-14,16.8538,34.8598,47.0,-78.85,2.0
2020-02-14,16.818,34.8514,48.0,-78.85,2.0
2020-02-14,16.7565,34.8419,49.0,-78.85,2.0
2020-02-14,16.6913,34.8577,50.0,-78.85,2.0
2020-02-14,16.639,34.8594,51.0,-78.85,2.0
2020-02-14,16.5522,34.7977,52.0,-78.85,2.0
2020-02-14,16.4104,34.8626,53.0,-78.85,2.0
2020-02-14,16.3552,34.8886,54.0,-78.85,2.0
2020-02-14,16.3265,34.8933,55.0,-78.85,2.0
2020-02-14,16.3022,34.8956,56.0,-78.85,2.0
2020-02-14,16.2803,34.9018,57.0,-78.85,2.0
2020-02-14,16.2625,34.8942,58.0,-78.85,2.0
2020-02-14,16.234,34.897,59.0,-78.85,2.0
2020-02-14,16.203,34.8964,60.0,-78.85,2.0
2020-02-14,16.1617,34.8875,61.0,-78.85,2.0
2020-02-14,16.1096,34.9088,62.0,-78.85,2.0
2020-02-14,16.084,34.9164,63.0,-78.85,2.0
2020-02-14,16.0533,34.9216,64.0,-78.85,2.0
2020-02-14,16.0397,34.945,65.0,-78.85,2.0
2020-02-14,16.0318,34.9337,66.0,-78.85,2.0
2020-02-14,16.0131,34.9301,67.0,-78.85,2.0
2020-02-14,15.9933,34.9287,68.0,-78.85,2.0
2020-02-14,15.9694,34.915,69.0,-78.85,2.0
2020-02-14,15.9322,34.9089,70.0,-78.85,2.0
2020-02-14,15.8899,34.9103,71.0,-78.85,2.0
2020-02-14,15.8561,34.9241,72.0,-78.85,2.0
2020-02-14,15.8382,34.9238,73.0,-78.85,2.0
2020-02-14,15.816,34.9175,74.0,-78.85,2.0
2020-02-14,15.7865,34.9161,75.0,-78.85,2.0
2020-02-14,15.7608,34.9292,76.0,-78.85,2.0
2020-02-14,15.753,34.9309,77.0,-78.85,2.0
2020-02-14,15.744,34.9238,78.0,-78.85,2.0
2020-02-14,15.7256,34.9225,79.0,-78.85,2.0
2020-02-14,15.7037,34.9239,80.0,-78.85,2.0
2020-02-27,27.6648,29.3692,1.0,-78.85,2.0
2020-02-27,27.6807,29.9024,2.0,-78.85,2.0
2020-02-27,27.6891,30.3146,3.0,-78.85,2.0
2020-02-27,27.5794,30.3061,4.0,-78.85,2.0
2020-02-27,27.5368,30.5358,5.0,-78.85,2.0
2020-02-27,27.4438,31.0422,6.0,-78.85,2.0
2020-02-27,27.3276,31.323,7.0,-78.85,2.0
2020-02-27,27.2242,31.3869,8.0,-78.85,2.0
2020-02-27,27.1553,31.5652,9.0,-78.85,2.0
2020-02-27,26.7851,31.7682,10.0,-78.85,2.0
2020-02-27,25.5315,31.9472,11.0,-78.85,2.0
2020-02-27,23.1005,32.9673,12.0,-78.85,2.0
2020-02-27,21.426,34.094,13.0,-78.85,2.0
2020-02-27,20.8626,34.4452,14.0,-78.85,2.0
2020-02-27,20.624,34.6047,15.0,-78.85,2.0
2020-02-27,20.4046,34.6494,16.0,-78.85,2.0
2020-02-27,20.0581,34.6686,17.0,-78.85,2.0
2020-02-27,19.6677,34.8087,18.0,-78.85,2.0
2020-02-27,19.4655,34.8811,19.0,-78.85,2.0
2020-02-27,19.3554,34.9524,20.0,-78.85,2.0
2020-02-27,19.2854,34.9468,21.0,-78.85,2.0
2020-02-27,19.1542,34.8874,22.0,-78.85,2.0
2020-02-27,18.9432,34.9424,23.0,-78.85,2.0
2020-02-27,18.8287,34.9748,24.0,-78.85,2.0
2020-02-27,18.7626,34.9789,25.0,-78.85,2.0
2020-02-27,18.7138,34.9699,26.0,-78.85,2.0
2020-02-27,18.6719,34.9732,27.0,-78.85,2.0
2020-02-27,18.6383,35.0174,28.0,-78.85,2.0
2020-02-27,18.6557,34.9652,29.0,-78.85,2.0
2020-02-27,18.624,34.9545,30.0,-78.85,2.0
2020-02-27,18.6068,34.9409,31.0,-78.85,2.0
2020-02-27,18.5873,34.9365,32.0,-78.85,2.0
2020-02-27,18.5701,34.925,33.0,-78.85,2.0
2020-02-27,18.5486,34.9089,34.0,-78.85,2.0
2020-02-27,18.5114,34.9074,35.0,-78.85,2.0
2020-02-27,18.4958,34.9103,36.0,-78.85,2.0
2020-02-27,18.3886,34.748,37.0,-78.85,2.0
2020-02-27,18.1162,34.8087,38.0,-78.85,2.0
2020-02-27,17.827,34.8285,39.0,-78.85,2.0
2020-02-27,17.5987,34.9386,40.0,-78.85,2.0
2020-02-27,17.5017,34.9829,41.0,-78.85,2.0
2020-02-27,17.4597,34.9923,42.0,-78.85,2.0
2020-02-27,17.4371,34.9913,43.0,-78.85,2.0
2020-02-27,17.4076,34.991,44.0,-78.85,2.0
2020-02-27,17.3797,34.9942,45.0,-78.85,2.0
2020-02-27,17.3533,34.9926,46.0,-78.85,2.0
2020-02-27,17.3156,34.9956,47.0,-78.85,2.0
2020-02-27,17.2882,35.0036,48.0,-78.85,2.0
2020-02-27,17.2674,34.9773,49.0,-78.85,2.0
2020-02-27,17.2115,34.9782,50.0,-78.85,2.0
2020-02-27,17.1846,35.0003,51.0,-78.85,2.0
2020-02-27,17.1759,35.0033,52.0,-78.85,2.0
2020-02-27,17.1716,34.9988,53.0,-78.85,2.0
2020-02-27,17.1666,34.9998,54.0,-78.85,2.0
2020-02-27,17.1646,34.9964,55.0,-78.85,2.0
2020-02-27,17.1603,34.995,56.0,-78.85,2.0
2020-02-27,17.1582,34.9926,57.0,-78.85,2.0
2020-02-27,17.1555,34.9794,58.0,-78.85,2.0
2020-02-27,17.1406,34.9762,59.0,-78.85,2.0
2020-02-27,17.1284,34.9718,60.0,-78.85,2.0
2020-02-27,17.1114,34.968,61.0,-78.85,2.0
2020-02-27,17.1019,34.971,62.0,-78.85,2.0
2020-02-27,17.0917,34.9627,63.0,-78.85,2.0
2020-02-27,17.069,34.9468,64.0,-78.85,2.0
2020-02-27,17.0296,34.9334,65.0,-78.85,2.0
2020-02-27,16.9827,34.9374,66.0,-78.85,2.0
2020-02-27,16.9519,34.9463,67.0,-78.85,2.0
2020-02-27,16.9336,34.9465,68.0,-78.85,2.0
2020-02-27,16.907,34.9355,69.0,-78.85,2.0
2020-02-27,16.8602,34.9352,70.0,-78.85,2.0
2020-02-27,16.828,34.9437,71.0,-78.85,2.0
2020-02-27,16.8095,34.9467,72.0,-78.85,2.0
2020-02-27,16.7942,34.9268,73.0,-78.85,2.0
2020-02-27,16.7795,34.9238,74.0,-78.85,2.0
2020-02-27,16.7621,34.9264,75.0,-78.85,2.0
2020-02-27,16.7563,34.9301,76.0,-78.85,2.0
2020-02-27,16.7479,34.9226,77.0,-78.85,2.0
2020-02-27,16.7319,34.9078,78.0,-78.85,2.0
2020-02-27,16.6918,34.9053,79.0,-78.85,2.0
2020-02-27,16.6428,34.9034,80.0,-78.85,2.0
2020-03-16,26.2203,31.7465,1.0,-78.85,2.0
2020-03-16,26.2298,31.7087,2.0,-78.85,2.0
2020-03-16,26.2,31.7005,3.0,-78.85,2.0
2020-03-16,26.0678,31.9735,4.0,-78.85,2.0
2020-03-16,25.6533,32.0009,5.0,-78.85,2.0
2020-03-16,24.0721,32.7231,6.0,-78.85,2.0
2020-03-16,23.5584,33.2531,7.0,-78.85,2.0
2020-03-16,22.5351,33.7093,8.0,-78.85,2.0
2020-03-16,21.4022,34.5832,9.0,-78.85,2.0
2020-03-16,21.0901,35.173,10.0,-78.85,2.0
2020-03-16,20.7849,34.198,11.0,-78.85,2.0
2020-03-16,19.6299,34.8637,12.0,-78.85,2.0
2020-03-16,19.2832,35.0243,13.0,-78.85,2.0
2020-03-16,19.1541,35.0216,14.0,-78.85,2.0
2020-03-16,19.0888,35.0251,15.0,-78.85,2.0
2020-03-16,19.0343,35.0223,16.0,-78.85,2.0
2020-03-16,18.9983,35.0324,17.0,-78.85,2.0
2020-03-16,18.9808,35.0223,18.0,-78.85,2.0
2020-03-16,18.9583,35.0178,19.0,-78.85,2.0
2020-03-16,18.934,35.0141,20.0,-78.85,2.0
2020-03-16,18.9046,35.0109,21.0,-78.85,2.0
2020-03-16,18.8747,35.0083,22.0,-78.85,2.0
2020-03-16,18.8383,35.0022,23.0,-78.85,2.0
2020-03-16,18.8054,35.0053,24.0,-78.85,2.0
2020-03-16,18.7769,35.0248,25.0,-78.85,2.0
2020-03-16,18.7542,35.0281,26.0,-78.85,2.0
2020-03-16,18.7404,35.035,27.0,-78.85,2.0
2020-03-16,18.7072,34.9882,28.0,-78.85,2.0
2020-03-16,18.6394,35.005,29.0,-78.85,2.0
2020-03-16,18.5996,35.0227,30.0,-78.85,2.0
2020-03-16,18.5769,34.9982,31.0,-78.85,2.0
2020-03-16,18.5194,34.9909,32.0,-78.85,2.0
2020-03-16,18.4219,34.9059,33.0,-78.85,2.0
2020-03-16,18.2505,34.9356,34.0,-78.85,2.0
2020-03-16,18.1297,34.9353,35.0,-78.85,2.0
2020-03-16,18.0003,34.9181,36.0,-78.85,2.0
2020-03-16,17.8564,34.9295,37.0,-78.85,2.0
2020-03-16,17.7325,34.9504,38.0,-78.85,2.0
2020-03-16,17.6395,34.9727,39.0,-78.85,2.0
2020-03-16,17.5629,34.9614,40.0,-78.85,2.0
2020-03-16,17.4503,34.8842,41.0,-78.85,2.0
2020-03-16,17.2091,34.7766,42.0,-78.85,2.0
2020-03-16,16.8192,34.8003,43.0,-78.85,2.0
2020-03-16,16.5077,34.9335,44.0,-78.85,2.0
2020-03-16,16.3729,35.0088,45.0,-78.85,2.0
2020-03-16,16.3225,35.0309,46.0,-78.85,2.0
2020-03-16,16.3044,35.0278,47.0,-78.85,2.0
2020-03-16,16.291,35.0303,48.0,-78.85,2.0
2020-03-16,16.2815,35.0275,49.0,-78.85,2.0
2020-03-16,16.272,35.0252,50.0,-78.85,2.0
2020-03-16,16.265,35.0193,51.0,-78.85,2.0
2020-03-16,16.2529,35.0089,52.0,-78.85,2.0
2020-03-16,16.2327,35.0043,53.0,-78.85,2.0
2020-03-16,16.2159,35.0071,54.0,-78.85,2.0
2020-03-16,16.2007,35.0016,55.0,-78.85,2.0
2020-03-16,16.1786,34.9957,56.0,-78.85,2.0
2020-03-16,16.1432,34.9849,57.0,-78.85,2.0
2020-03-16,16.1086,35.0061,58.0,-78.85,2.0
2020-03-16,16.0997,35.01,59.0,-78.85,2.0
2020-03-16,16.0966,35.0025,60.0,-78.85,2.0
2020-03-16,16.0898,34.9994,61.0,-78.85,2.0
2020-03-16,16.0778,35.0014,62.0,-78.85,2.0
2020-03-16,16.0674,35.0013,63.0,-78.85,2.0
2020-03-16,16.0603,35.0007,64.0,-78.85,2.0
2020-03-16,16.0513,35.0043,65.0,-78.85,2.0
2020-03-16,16.0456,34.9969,66.0,-78.85,2.0
2020-03-16,16.0304,34.9844,67.0,-78.85,2.0
2020-03-16,15.9789,34.9634,68.0,-78.85,2.0
2020-03-16,15.9146,34.9835,69.0,-78.85,2.0
2020-03-16,15.8733,34.9856,70.0,-78.85,2.0
2020-03-16,15.8238,34.9584,71.0,-78.85,2.0
2020-03-16,15.7672,34.9783,72.0,-78.85,2.0
2020-03-16,15.7326,34.9785,73.0,-78.85,2.0
2020-03-16,15.6978,34.9912,74.0,-78.85,2.0
2020-03-16,15.6794,35.0036,75.0,-78.85,2.0
2020-03-16,15.667,34.9908,76.0,-78.85,2.0
2020-03-16,15.6244,34.9304,77.0,-78.85,2.0
2020-03-16,15.5823,34.9616,78.0,-78.85,2.0
2020-03-16,15.5712,34.9636,79.0,-78.85,2.0
2020-03-16,15.5643,34.964,80.0,-78.85,2.0
2020-03-30,-99999.0,-99999.0,1.0,-78.85,2.0
2020-03-30,-99999.0,-99999.0,2.0,-78.85,2.0
2020-03-30,-99999.0,-99999.0,3.0,-78.85,2.0
2020-03-30,-99999.0,-99999.0,4.0,-78.85,2.0
2020-03-30,-99999.0,-99999.0,5.0,-78.85,2.0
2020-03-30,-99999.0,-99999.0,6.0,-78.85,2.0
2020-03-30,-99999.0,-99999.0,7.0,-78.85,2.0
2020-03-30,-99999.0,-99999.0,8.0,-78.85,2.0
2020-03-30,-99999.0,-99999.0,9.0,-78.85,2.0
2020-03-30,-99999.0,-99999.0,10.0,-78.85,2.0
2020-03-30,-99999.0,-99999.0,11.0,-78.85,2.0
2020-03-30,-99999.0,-99999.0,12.0,-78.85,2.0
2020-03-30,-99999.0,-99999.0,13.0,-78.85,2.0
2020-03-30,-99999.0,-99999.0,14.0,-78.85,2.0
2020-03-30,-99999.0,-99999.0,15.0,-78.85,2.0
2020-03-30,-99999.0,-99999.0,16.0,-78.85,2.0
2020-03-30,-99999.0,-99999.0,17.0,-78.85,2.0
2020-03-30,-99999.0,-99999.0,18.0,-78.85,2.0
2020-03-30,-99999.0,-99999.0,19.0,-78.85,2.0
2020-03-30,-99999.0,-99999.0,20.0,-78.85,2.0
2020-03-30,-99999.0,-99999.0,21.0,-78.85,2.0
2020-03-30,-99999.0,-99999.0,22.0,-78.85,2.0
2020-03-30,-99999.0,-99999.0,23.0,-78.85,2.0
2020-03-30,-99999.0,-99999.0,24.0,-78.85,2.0
2020-03-30,-99999.0,-99999.0,25.0,-78.85,2.0
2020-03-30,-99999.0,-99999.0,26.0,-78.85,2.0
2020-03-30,-99999.0,-99999.0,27.0,-78.85,2.0
2020-03-30,-99999.0,-99999.0,28.0,-78.85,2.0
2020-03-30,-99999.0,-99999.0,29.0,-78.85,2.0
2020-03-30,-99999.0,-99999.0,30.0,-78.85,2.0
2020-03-30,-99999.0,-99999.0,31.0,-78.85,2.0
2020-03-30,-99999.0,-99999.0,32.0,-78.85,2.0
2020-03-30,-99999.0,-99999.0,33.0,-78.85,2.0
2020-03-30,-99999.0,-99999.0,34.0,-78.85,2.0
2020-03-30,-99999.0,-99999.0,35.0,-78.85,2.0
2020-03-30,-99999.0,-99999.0,36.0,-78.85,2.0
2020-03-30,-99999.0,-99999.0,37.0,-78.85,2.0
2020-03-30,-99999.0,-99999.0,38.0,-78.85,2.0
2020-03-30,-99999.0,-99999.0,39.0,-78.85,2.0
2020-03-30,-99999.0,-99999.0,40.0,-78.85,2.0
2020-03-30,-99999.0,-99999.0,41.0,-78.85,2.0
2020-03-30,-99999.0,-99999.0,42.0,-78.85,2.0
2020-03-30,-99999.0,-99999.0,43.0,-78.85,2.0
2020-03-30,-99999.0,-99999.0,44.0,-78.85,2.0
2020-03-30,-99999.0,-99999.0,45.0,-78.85,2.0
2020-03-30,-99999.0,-99999.0,46.0,-78.85,2.0
2020-03-30,-99999.0,-99999.0,47.0,-78.85,2.0
2020-03-30,-99999.0,-99999.0,48.0,-78.85,2.0
2020-03-30,-99999.0,-99999.0,49.0,-78.85,2.0
2020-03-30,-99999.0,-99999.0,50.0,-78.85,2.0
2020-03-30,-99999.0,-99999.0,51.0,-78.85,2.0
2020-03-30,-99999.0,-99999.0,52.0,-78.85,2.0
2020-03-30,-99999.0,-99999.0,53.0,-78.85,2.0
2020-03-30,-99999.0,-99999.0,54.0,-78.85,2.0
2020-03-30,-99999.0,-99999.0,55.0,-78.85,2.0
2020-03-30,-99999.0,-99999.0,56.0,-78.85,2.0
2020-03-30,-99999.0,-99999.0,57.0,-78.85,2.0
2020-03-30,-99999.0,-99999.0,58.0,-78.85,2.0
2020-03-30,-99999.0,-99999.0,59.0,-78.85,2.0
2020-03-30,-99999.0,-99999.0,60.0,-78.85,2.0
2020-03-30,-99999.0,-99999.0,61.0,-78.85,2.0
2020-03-30,-99999.0,-99999.0,62.0,-78.85,2.0
2020-03-30,-99999.0,-99999.0,63.0,-78.85,2.0
2020-03-30,-99999.0,-99999.0,64.0,-78.85,2.0
2020-03-30,-99999.0,-99999.0,65.0,-78.85,2.0
2020-03-30,-99999.0,-99999.0,66.0,-78.85,2.0
2020-03-30,-99999.0,-99999.0,67.0,-78.85,2.0
2020-03-30,-99999.0,-99999.0,68.0,-78.85,2.0
2020-03-30,-99999.0,-99999.0,69.0,-78.85,2.0
2020-03-30,-99999.0,-99999.0,70.0,-78.85,2.0
2020-03-30,-99999.0,-99999.0,71.0,-78.85,2.0
2020-03-30,-99999.0,-99999.0,72.0,-78.85,2.0
2020-03-30,-99999.0,-99999.0,73.0,-78.85,2.0
2020-03-30,-99999.0,-99999.0,74.0,-78.85,2.0
2020-03-30,-99999.0,-99999.0,75.0,-78.85,2.0
2020-03-30,-99999.0,-99999.0,76.0,-78.85,2.0
2020-03-30,-99999.0,-99999.0,77.0,-78.85,2.0
2020-03-30,-99999.0,-99999.0,78.0,-78.85,2.0
2020-03-30,-99999.0,-99999.0,79.0,-78.85,2.0
2020-03-30,-99999.0,-99999.0,80.0,-78.85,2.0
2020-04-15,26.2203,31.7465,1.0,-78.85,2.0
2020-04-15,26.2298,31.7087,2.0,-78.85,2.0
2020-04-15,26.2,31.7005,3.0,-78.85,2.0
2020-04-15,26.0678,31.9735,4.0,-78.85,2.0
2020-04-15,25.6533,32.0009,5.0,-78.85,2.0
2020-04-15,24.0721,32.7231,6.0,-78.85,2.0
2020-04-15,23.5584,33.2531,7.0,-78.85,2.0
2020-04-15,22.5351,33.7093,8.0,-78.85,2.0
2020-04-15,21.4022,34.5832,9.0,-78.85,2.0
2020-04-15,21.0901,35.173,10.0,-78.85,2.0
2020-04-15,20.7849,34.198,11.0,-78.85,2.0
2020-04-15,19.6299,34.8637,12.0,-78.85,2.0
2020-04-15,19.2832,35.0243,13.0,-78.85,2.0
2020-04-15,19.1541,35.0216,14.0,-78.85,2.0
2020-04-15,19.0888,35.0251,15.0,-78.85,2.0
2020-04-15,19.0343,35.0223,16.0,-78.85,2.0
2020-04-15,18.9983,35.0324,17.0,-78.85,2.0
2020-04-15,18.9808,35.0223,18.0,-78.85,2.0
2020-04-15,18.9583,35.0178,19.0,-78.85,2.0
2020-04-15,18.934,35.0141,20.0,-78.85,2.0
2020-04-15,18.9046,35.0109,21.0,-78.85,2.0
2020-04-15,18.8747,35.0083,22.0,-78.85,2.0
2020-04-15,18.8383,35.0022,23.0,-78.85,2.0
2020-04-15,18.8054,35.0053,24.0,-78.85,2.0
2020-04-15,18.7769,35.0248,25.0,-78.85,2.0
2020-04-15,18.7542,35.0281,26.0,-78.85,2.0
2020-04-15,18.7404,35.035,27.0,-78.85,2.0
2020-04-15,18.7072,34.9882,28.0,-78.85,2.0
2020-04-15,18.6394,35.005,29.0,-78.85,2.0
2020-04-15,18.5996,35.0227,30.0,-78.85,2.0
2020-04-15,18.5769,34.9982,31.0,-78.85,2.0
2020-04-15,18.5194,34.9909,32.0,-78.85,2.0
2020-04-15,18.4219,34.9059,33.0,-78.85,2.0
2020-04-15,18.2505,34.9356,34.0,-78.85,2.0
2020-04-15,18.1297,34.9353,35.0,-78.85,2.0
2020-04-15,18.0003,34.9181,36.0,-78.85,2.0
2020-04-15,17.8564,34.9295,37.0,-78.85,2.0
2020-04-15,17.7325,34.9504,38.0,-78.85,2.0
2020-04-15,17.6395,34.9727,39.0,-78.85,2.0
2020-04-15,17.5629,34.9614,40.0,-78.85,2.0
2020-04-15,17.4503,34.8842,41.0,-78.85,2.0
2020-04-15,17.2091,34.7766,42.0,-78.85,2.0
2020-04-15,16.8192,34.8003,43.0,-78.85,2.0
2020-04-15,16.5077,34.9335,44.0,-78.85,2.0
2020-04-15,16.3729,35.0088,45.0,-78.85,2.0
2020-04-15,16.3225,35.0309,46.0,-78.85,2.0
2020-04-15,16.3044,35.0278,47.0,-78.85,2.0
2020-04-15,16.291,35.0303,48.0,-78.85,2.0
2020-04-15,16.2815,35.0275,49.0,-78.85,2.0
2020-04-15,16.272,35.0252,50.0,-78.85,2.0
2020-04-15,16.265,35.0193,51.0,-78.85,2.0
2020-04-15,16.2529,35.0089,52.0,-78.85,2.0
2020-04-15,16.2327,35.0043,53.0,-78.85,2.0
2020-04-15,16.2159,35.0071,54.0,-78.85,2.0
2020-04-15,16.2007,35.0016,55.0,-78.85,2.0
2020-04-15,16.1786,34.9957,56.0,-78.85,2.0
2020-04-15,16.1432,34.9849,57.0,-78.85,2.0
2020-04-15,16.1086,35.0061,58.0,-78.85,2.0
2020-04-15,16.0997,35.01,59.0,-78.85,2.0
2020-04-15,16.0966,35.0025,60.0,-78.85,2.0
2020-04-15,16.0898,34.9994,61.0,-78.85,2.0
2020-04-15,16.0778,35.0014,62.0,-78.85,2.0
2020-04-15,16.0674,35.0013,63.0,-78.85,2.0
2020-04-15,16.0603,35.0007,64.0,-78.85,2.0
2020-04-15,16.0513,35.0043,65.0,-78.85,2.0
2020-04-15,16.0456,34.9969,66.0,-78.85,2.0
2020-04-15,16.0304,34.9844,67.0,-78.85,2.0
2020-04-15,15.9789,34.9634,68.0,-78.85,2.0
2020-04-15,15.9146,34.9835,69.0,-78.85,2.0
2020-04-15,15.8733,34.9856,70.0,-78.85,2.0
2020-04-15,15.8238,34.9584,71.0,-78.85,2.0
2020-04-15,15.7672,34.9783,72.0,-78.85,2.0
2020-04-15,15.7326,34.9785,73.0,-78.85,2.0
2020-04-15,15.6978,34.9912,74.0,-78.85,2.0
2020-04-15,15.6794,35.0036,75.0,-78.85,2.0
2020-04-15,15.667,34.9908,76.0,-78.85,2.0
2020-04-15,15.6244,34.9304,77.0,-78.85,2.0
2020-04-15,15.5823,34.9616,78.0,-78.85,2.0
2020-04-15,15.5712,34.9636,79.0,-78.85,2.0
2020-04-15,15.5643,34.964,80.0,-78.85,2.0
2020-04-30,27.3457,34.1921,1.0,-78.85,2.0
2020-04-30,27.3452,34.1933,2.0,-78.85,2.0
2020-04-30,27.3458,34.1924,3.0,-78.85,2.0
2020-04-30,27.3459,34.1921,4.0,-78.85,2.0
2020-04-30,27.3454,34.1921,5.0,-78.85,2.0
2020-04-30,27.3448,34.1925,6.0,-78.85,2.0
2020-04-30,27.3444,34.1925,7.0,-78.85,2.0
2020-04-30,27.3435,34.1941,8.0,-78.85,2.0
2020-04-30,27.3435,34.1931,9.0,-78.85,2.0
2020-04-30,27.3449,34.1962,10.0,-78.85,2.0
2020-04-30,27.3514,34.199,11.0,-78.85,2.0
2020-04-30,27.3529,34.199,12.0,-78.85,2.0
2020-04-30,27.3519,34.1958,13.0,-78.85,2.0
2020-04-30,27.3436,34.1969,14.0,-78.85,2.0
2020-04-30,27.3403,34.1982,15.0,-78.85,2.0
2020-04-30,27.3404,34.1994,16.0,-78.85,2.0
2020-04-30,27.3413,34.2026,17.0,-78.85,2.0
2020-04-30,27.3443,34.2045,18.0,-78.85,2.0
2020-04-30,27.347,34.2082,19.0,-78.85,2.0
2020-04-30,27.3493,34.2039,20.0,-78.85,2.0
2020-04-30,27.3485,34.2046,21.0,-78.85,2.0
2020-04-30,27.3484,34.2056,22.0,-78.85,2.0
2020-04-30,27.3508,34.2132,23.0,-78.85,2.0
2020-04-30,27.3566,34.2163,24.0,-78.85,2.0
2020-04-30,27.36,34.2151,25.0,-78.85,2.0
2020-04-30,27.3602,34.2183,26.0,-78.85,2.0
2020-04-30,27.3619,34.2214,27.0,-78.85,2.0
2020-04-30,27.3631,34.2239,28.0,-78.85,2.0
2020-04-30,27.3642,34.2281,29.0,-78.85,2.0
2020-04-30,27.3665,34.2327,30.0,-78.85,2.0
2020-04-30,27.3694,34.2386,31.0,-78.85,2.0
2020-04-30,27.3722,34.2389,32.0,-78.85,2.0
2020-04-30,27.3738,34.2464,33.0,-78.85,2.0
2020-04-30,27.3762,34.254,34.0,-78.85,2.0
2020-04-30,27.3778,34.2573,35.0,-78.85,2.0
2020-04-30,27.3774,34.2583,36.0,-78.85,2.0
2020-04-30,27.3768,34.2607,37.0,-78.85,2.0
2020-04-30,27.3747,34.2663,38.0,-78.85,2.0
2020-04-30,27.3704,34.2719,39.0,-78.85,2.0
2020-04-30,27.3654,34.2802,40.0,-78.85,2.0
2020-04-30,27.3589,34.2889,41.0,-78.85,2.0
2020-04-30,27.3572,34.296,42.0,-78.85,2.0
2020-04-30,27.3549,34.3071,43.0,-78.85,2.0
2020-04-30,27.3524,34.3174,44.0,-78.85,2.0
2020-04-30,27.3509,34.3238,45.0,-78.85,2.0
2020-04-30,27.3498,34.33,46.0,-78.85,2.0
2020-04-30,27.3494,34.3354,47.0,-78.85,2.0
2020-04-30,27.3502,34.3398,48.0,-78.85,2.0
2020-04-30,27.3503,34.3445,49.0,-78.85,2.0
2020-04-30,27.3462,34.3466,50.0,-78.85,2.0
2020-04-30,27.3337,34.3188,51.0,-78.85,2.0
2020-04-30,27.1407,34.0142,52.0,-78.85,2.0
2020-04-30,25.2127,32.362,53.0,-78.85,2.0
2020-04-30,20.2727,33.4872,54.0,-78.85,2.0
2020-04-30,18.5872,34.7938,55.0,-78.85,2.0
2020-04-30,18.31,34.9458,56.0,-78.85,2.0
2020-04-30,18.1819,34.9365,57.0,-78.85,2.0
2020-04-30,18.0712,34.9669,58.0,-78.85,2.0
2020-04-30,18.0157,34.9508,59.0,-78.85,2.0
2020-04-30,17.9155,34.9457,60.0,-78.85,2.0
2020-04-30,17.8024,34.9656,61.0,-78.85,2.0
2020-04-30,17.6913,34.9697,62.0,-78.85,2.0
2020-04-30,17.6158,34.9721,63.0,-78.85,2.0
2020-04-30,17.5407,34.9627,64.0,-78.85,2.0
2020-04-30,17.4654,34.9939,65.0,-78.85,2.0
2020-04-30,17.4598,35.0006,66.0,-78.85,2.0
2020-04-30,17.4405,34.9845,67.0,-78.85,2.0
2020-04-30,17.4101,34.9843,68.0,-78.85,2.0
2020-04-30,17.3818,34.9868,69.0,-78.85,2.0
2020-04-30,17.3602,34.9863,70.0,-78.85,2.0
2020-04-30,17.344,34.9935,71.0,-78.85,2.0
2020-04-30,17.3349,34.9897,72.0,-78.85,2.0
2020-04-30,17.3125,34.9925,73.0,-78.85,2.0
2020-04-30,17.2962,34.9931,74.0,-78.85,2.0
2020-04-30,17.2769,34.9917,75.0,-78.85,2.0
2020-04-30,17.2502,34.9902,76.0,-78.85,2.0
2020-04-30,17.2197,34.9869,77.0,-78.85,2.0
2020-04-30,17.1897,34.9993,78.0,-78.85,2.0
2020-04-30,17.1745,34.9978,79.0,-78.85,2.0
2020-04-30,17.1616,35.0007,80.0,-78.85,2.0
2020-05-14,-99999.0,-99999.0,1.0,-78.85,2.0
2020-05-14,-99999.0,-99999.0,2.0,-78.85,2.0
2020-05-14,-99999.0,-99999.0,3.0,-78.85,2.0
2020-05-14,-99999.0,-99999.0,4.0,-78.85,2.0
2020-05-14,-99999.0,-99999.0,5.0,-78.85,2.0
2020-05-14,-99999.0,-99999.0,6.0,-78.85,2.0
2020-05-14,-99999.0,-99999.0,7.0,-78.85,2.0
2020-05-14,-99999.0,-99999.0,8.0,-78.85,2.0
2020-05-14,-99999.0,-99999.0,9.0,-78.85,2.0
2020-05-14,-99999.0,-99999.0,10.0,-78.85,2.0
2020-05-14,-99999.0,-99999.0,11.0,-78.85,2.0
2020-05-14,-99999.0,-99999.0,12.0,-78.85,2.0
2020-05-14,-99999.0,-99999.0,13.0,-78.85,2.0
2020-05-14,-99999.0,-99999.0,14.0,-78.85,2.0
2020-05-14,-99999.0,-99999.0,15.0,-78.85,2.0
2020-05-14,-99999.0,-99999.0,16.0,-78.85,2.0
2020-05-14,-99999.0,-99999.0,17.0,-78.85,2.0
2020-05-14,-99999.0,-99999.0,18.0,-78.85,2.0
2020-05-14,-99999.0,-99999.0,19.0,-78.85,2.0
2020-05-14,-99999.0,-99999.0,20.0,-78.85,2.0
2020-05-14,-99999.0,-99999.0,21.0,-78.85,2.0
2020-05-14,-99999.0,-99999.0,22.0,-78.85,2.0
2020-05-14,-99999.0,-99999.0,23.0,-78.85,2.0
2020-05-14,-99999.0,-99999.0,24.0,-78.85,2.0
2020-05-14,-99999.0,-99999.0,25.0,-78.85,2.0
2020-05-14,-99999.0,-99999.0,26.0,-78.85,2.0
2020-05-14,-99999.0,-99999.0,27.0,-78.85,2.0
2020-05-14,-99999.0,-99999.0,28.0,-78.85,2.0
2020-05-14,-99999.0,-99999.0,29.0,-78.85,2.0
2020-05-14,-99999.0,-99999.0,30.0,-78.85,2.0
2020-05-14,-99999.0,-99999.0,31.0,-78.85,2.0
2020-05-14,-99999.0,-99999.0,32.0,-78.85,2.0
2020-05-14,-99999.0,-99999.0,33.0,-78.85,2.0
2020-05-14,-99999.0,-99999.0,34.0,-78.85,2.0
2020-05-14,-99999.0,-99999.0,35.0,-78.85,2.0
2020-05-14,-99999.0,-99999.0,36.0,-78.85,2.0
2020-05-14,-99999.0,-99999.0,37.0,-78.85,2.0
2020-05-14,-99999.0,-99999.0,38.0,-78.85,2.0
2020-05-14,-99999.0,-99999.0,39.0,-78.85,2.0
2020-05-14,-99999.0,-99999.0,40.0,-78.85,2.0
2020-05-14,-99999.0,-99999.0,41.0,-78.85,2.0
2020-05-14,-99999.0,-99999.0,42.0,-78.85,2.0
2020-05-14,-99999.0,-99999.0,43.0,-78.85,2.0
2020-05-14,-99999.0,-99999.0,44.0,-78.85,2.0
2020-05-14,-99999.0,-99999.0,45.0,-78.85,2.0
2020-05-14,-99999.0,-99999.0,46.0,-78.85,2.0
2020-05-14,-99999.0,-99999.0,47.0,-78.85,2.0
2020-05-14,-99999.0,-99999.0,48.0,-78.85,2.0
2020-05-14,-99999.0,-99999.0,49.0,-78.85,2.0
2020-05-14,-99999.0,-99999.0,50.0,-78.85,2.0
2020-05-14,-99999.0,-99999.0,51.0,-78.85,2.0
2020-05-14,-99999.0,-99999.0,52.0,-78.85,2.0
2020-05-14,-99999.0,-99999.0,53.0,-78.85,2.0
2020-05-14,-99999.0,-99999.0,54.0,-78.85,2.0
2020-05-14,-99999.0,-99999.0,55.0,-78.85,2.0
2020-05-14,-99999.0,-99999.0,56.0,-78.85,2.0
2020-05-14,-99999.0,-99999.0,57.0,-78.85,2.0
2020-05-14,-99999.0,-99999.0,58.0,-78.85,2.0
2020-05-14,-99999.0,-99999.0,59.0,-78.85,2.0
2020-05-14,-99999.0,-99999.0,60.0,-78.85,2.0
2020-05-14,-99999.0,-99999.0,61.0,-78.85,2.0
2020-05-14,-99999.0,-99999.0,62.0,-78.85,2.0
2020-05-14,-99999.0,-99999.0,63.0,-78.85,2.0
2020-05-14,-99999.0,-99999.0,64.0,-78.85,2.0
2020-05-14,-99999.0,-99999.0,65.0,-78.85,2.0
2020-05-14,-99999.0,-99999.0,66.0,-78.85,2.0
2020-05-14,-99999.0,-99999.0,67.0,-78.85,2.0
2020-05-14,-99999.0,-99999.0,68.0,-78.85,2.0
2020-05-14,-99999.0,-99999.0,69.0,-78.85,2.0
2020-05-14,-99999.0,-99999.0,70.0,-78.85,2.0
2020-05-14,-99999.0,-99999.0,71.0,-78.85,2.0
2020-05-14,-99999.0,-99999.0,72.0,-78.85,2.0
2020-05-14,-99999.0,-99999.0,73.0,-78.85,2.0
2020-05-14,-99999.0,-99999.0,74.0,-78.85,2.0
2020-05-14,-99999.0,-99999.0,75.0,-78.85,2.0
2020-05-14,-99999.0,-99999.0,76.0,-78.85,2.0
2020-05-14,-99999.0,-99999.0,77.0,-78.85,2.0
2020-05-14,-99999.0,-99999.0,78.0,-78.85,2.0
2020-05-14,-99999.0,-99999.0,79.0,-78.85,2.0
2020-05-14,-99999.0,-99999.0,80.0,-78.85,2.0
2020-05-28,28.1736,31.7696,1.0,-78.85,2.0
2020-05-28,28.1757,31.7719,2.0,-78.85,2.0
2020-05-28,28.1804,31.7689,3.0,-78.85,2.0
2020-05-28,28.1815,31.7681,4.0,-78.85,2.0
2020-05-28,28.1822,31.7685,5.0,-78.85,2.0
2020-05-28,28.183,31.767,6.0,-78.85,2.0
2020-05-28,28.1824,31.7707,7.0,-78.85,2.0
2020-05-28,28.1852,31.7786,8.0,-78.85,2.0
2020-05-28,28.188,31.7768,9.0,-78.85,2.0
2020-05-28,28.1885,31.7761,10.0,-78.85,2.0
2020-05-28,28.1893,31.7815,11.0,-78.85,2.0
2020-05-28,28.1921,31.7897,12.0,-78.85,2.0
2020-05-28,28.1961,31.7975,13.0,-78.85,2.0
2020-05-28,28.1986,31.798,14.0,-78.85,2.0
2020-05-28,28.1994,31.8025,15.0,-78.85,2.0
2020-05-28,28.1992,31.8125,16.0,-78.85,2.0
2020-05-28,28.2003,31.8253,17.0,-78.85,2.0
2020-05-28,28.2034,31.8525,18.0,-78.85,2.0
2020-05-28,28.2075,31.8605,19.0,-78.85,2.0
2020-05-28,28.2096,31.8864,20.0,-78.85,2.0
2020-05-28,28.2132,31.905,21.0,-78.85,2.0
2020-05-28,28.2158,31.9155,22.0,-78.85,2.0
2020-05-28,28.217,31.9291,23.0,-78.85,2.0
2020-05-28,28.2178,31.9447,24.0,-78.85,2.0
2020-05-28,28.2184,31.9589,25.0,-78.85,2.0
2020-05-28,28.2189,31.9842,26.0,-78.85,2.0
2020-05-28,28.2195,32.0229,27.0,-78.85,2.0
2020-05-28,28.2205,32.0396,28.0,-78.85,2.0
2020-05-28,28.221,32.049,29.0,-78.85,2.0
2020-05-28,28.222,32.0863,30.0,-78.85,2.0
2020-05-28,28.2231,32.1018,31.0,-78.85,2.0
2020-05-28,28.2239,32.1128,32.0,-78.85,2.0
2020-05-28,28.2248,32.1568,33.0,-78.85,2.0
2020-05-28,28.2256,32.2022,34.0,-78.85,2.0
2020-05-28,28.2262,32.2522,35.0,-78.85,2.0
2020-05-28,28.2276,32.2999,36.0,-78.85,2.0
2020-05-28,28.2267,32.3438,37.0,-78.85,2.0
2020-05-28,28.2169,32.404,38.0,-78.85,2.0
2020-05-28,28.1758,32.489,39.0,-78.85,2.0
2020-05-28,28.1253,32.5474,40.0,-78.85,2.0
2020-05-28,28.0952,32.5231,41.0,-78.85,2.0
2020-05-28,27.9073,32.4857,42.0,-78.85,2.0
2020-05-28,27.599,32.3949,43.0,-78.85,2.0
2020-05-28,26.736,32.4319,44.0,-78.85,2.0
2020-05-28,25.7422,32.7725,45.0,-78.85,2.0
2020-05-28,25.0425,32.6809,46.0,-78.85,2.0
2020-05-28,23.3162,32.7651,47.0,-78.85,2.0
2020-05-28,21.2019,33.4533,48.0,-78.85,2.0
2020-05-28,19.6528,33.5589,49.0,-78.85,2.0
2020-05-28,17.6805,34.1489,50.0,-78.85,2.0
2020-05-28,16.572,34.8136,51.0,-78.85,2.0
2020-05-28,16.3036,34.9746,52.0,-78.85,2.0
2020-05-28,16.2256,34.997,53.0,-78.85,2.0
2020-05-28,16.1711,34.9789,54.0,-78.85,2.0
2020-05-28,16.1014,34.9891,55.0,-78.85,2.0
2020-05-28,16.0582,35.0088,56.0,-78.85,2.0
2020-05-28,16.0417,35.0148,57.0,-78.85,2.0
2020-05-28,16.036,35.0149,58.0,-78.85,2.0
2020-05-28,16.033,35.0139,59.0,-78.85,2.0
2020-05-28,16.0309,35.0121,60.0,-78.85,2.0
2020-05-28,16.0268,35.0062,61.0,-78.85,2.0
2020-05-28,16.0182,35.0066,62.0,-78.85,2.0
2020-05-28,16.0126,35.0049,63.0,-78.85,2.0
2020-05-28,16.0038,35.0004,64.0,-78.85,2.0
2020-05-28,15.9936,35.0031,65.0,-78.85,2.0
2020-05-28,15.9883,34.9993,66.0,-78.85,2.0
2020-05-28,15.9773,34.9932,67.0,-78.85,2.0
2020-05-28,15.9583,34.985,68.0,-78.85,2.0
2020-05-28,15.9231,34.9843,69.0,-78.85,2.0
2020-05-28,15.9034,34.9952,70.0,-78.85,2.0
2020-05-28,15.8969,34.9966,71.0,-78.85,2.0
2020-05-28,15.8921,34.9947,72.0,-78.85,2.0
2020-05-28,15.8854,34.9905,73.0,-78.85,2.0
2020-05-28,15.8665,34.9789,74.0,-78.85,2.0
2020-05-28,15.84,34.9793,75.0,-78.85,2.0
2020-05-28,15.8168,34.9852,76.0,-78.85,2.0
2020-05-28,15.8025,34.9843,77.0,-78.85,2.0
2020-05-28,15.7849,34.9849,78.0,-78.85,2.0
2020-05-28,15.7776,34.9879,79.0,-78.85,2.0
2020-05-28,-99999.0,-99999.0,80.0,-78.85,2.0
2020-06-16,27.7584,31.0502,1.0,-78.85,2.0
2020-06-16,27.7762,31.0399,2.0,-78.85,2.0
2020-06-16,27.7809,31.0421,3.0,-78.85,2.0
2020-06-16,27.781,31.0239,4.0,-78.85,2.0
2020-06-16,27.7614,31.0851,5.0,-78.85,2.0
2020-06-16,27.767,31.1284,6.0,-78.85,2.0
2020-06-16,27.7761,31.1345,7.0,-78.85,2.0
2020-06-16,27.7907,31.1319,8.0,-78.85,2.0
2020-06-16,27.783,31.1667,9.0,-78.85,2.0
2020-06-16,27.7969,31.193,10.0,-78.85,2.0
2020-06-16,27.8034,31.194,11.0,-78.85,2.0
2020-06-16,27.7885,31.2122,12.0,-78.85,2.0
2020-06-16,27.7988,31.3099,13.0,-78.85,2.0
2020-06-16,27.8141,31.3438,14.0,-78.85,2.0
2020-06-16,27.8181,31.3613,15.0,-78.85,2.0
2020-06-16,27.8025,31.3468,16.0,-78.85,2.0
2020-06-16,27.806,31.5201,17.0,-78.85,2.0
2020-06-16,27.7916,31.6402,18.0,-78.85,2.0
2020-06-16,27.7536,31.7382,19.0,-78.85,2.0
2020-06-16,27.6575,31.9386,20.0,-78.85,2.0
2020-06-16,27.575,32.1375,21.0,-78.85,2.0
2020-06-16,27.5622,32.224,22.0,-78.85,2.0
2020-06-16,27.5817,32.2392,23.0,-78.85,2.0
2020-06-16,27.5594,32.3998,24.0,-78.85,2.0
2020-06-16,27.5107,32.6025,25.0,-78.85,2.0
2020-06-16,27.4854,32.6651,26.0,-78.85,2.0
2020-06-16,27.4753,32.6885,27.0,-78.85,2.0
2020-06-16,27.4634,32.7075,28.0,-78.85,2.0
2020-06-16,27.475,32.704,29.0,-78.85,2.0
2020-06-16,27.4549,32.7179,30.0,-78.85,2.0
2020-06-16,27.4274,32.7474,31.0,-78.85,2.0
2020-06-16,27.3774,32.8197,32.0,-78.85,2.0
2020-06-16,27.2628,32.9084,33.0,-78.85,2.0
2020-06-16,27.2289,32.8308,34.0,-78.85,2.0
2020-06-16,26.899,32.9023,35.0,-78.85,2.0
2020-06-16,26.66,32.8878,36.0,-78.85,2.0
2020-06-16,26.1845,32.9493,37.0,-78.85,2.0
2020-06-16,25.794,32.987,38.0,-78.85,2.0
2020-06-16,25.4749,32.9902,39.0,-78.85,2.0
2020-06-16,25.0087,32.9548,40.0,-78.85,2.0
2020-06-16,24.3656,32.9994,41.0,-78.85,2.0
2020-06-16,23.718,33.072,42.0,-78.85,2.0
2020-06-16,21.7458,32.7439,43.0,-78.85,2.0
2020-06-16,18.2988,34.15,44.0,-78.85,2.0
2020-06-16,17.2119,34.7622,45.0,-78.85,2.0
2020-06-16,16.933,34.9191,46.0,-78.85,2.0
2020-06-16,16.923,34.9262,47.0,-78.85,2.0
2020-06-16,16.9251,34.9533,48.0,-78.85,2.0
2020-06-16,16.8964,34.9409,49.0,-78.85,2.0
2020-06-16,16.749,34.9719,50.0,-78.85,2.0
2020-06-16,16.6867,34.9674,51.0,-78.85,2.0
2020-06-16,16.6256,34.9807,52.0,-78.85,2.0
2020-06-16,16.5866,34.9868,53.0,-78.85,2.0
2020-06-16,16.5577,34.9866,54.0,-78.85,2.0
2020-06-16,16.5366,34.9854,55.0,-78.85,2.0
2020-06-16,16.4896,34.9647,56.0,-78.85,2.0
2020-06-16,16.3641,34.9444,57.0,-78.85,2.0
2020-06-16,16.1936,34.9372,58.0,-78.85,2.0
2020-06-16,16.0499,34.9521,59.0,-78.85,2.0
2020-06-16,15.9643,34.9759,60.0,-78.85,2.0
2020-06-16,15.8856,34.9825,61.0,-78.85,2.0
2020-06-16,15.8304,34.9953,62.0,-78.85,2.0
2020-06-16,15.7982,34.9928,63.0,-78.85,2.0
2020-06-16,15.7727,34.9949,64.0,-78.85,2.0
2020-06-16,15.7446,34.9981,65.0,-78.85,2.0
2020-06-16,15.7316,35.0,66.0,-78.85,2.0
2020-06-16,15.7175,35.0017,67.0,-78.85,2.0
2020-06-16,15.7098,35.0025,68.0,-78.85,2.0
2020-06-16,15.7023,35.0009,69.0,-78.85,2.0
2020-06-16,15.6957,35.0027,70.0,-78.85,2.0
2020-06-16,15.688,35.0013,71.0,-78.85,2.0
2020-06-16,15.6768,35.0019,72.0,-78.85,2.0
2020-06-16,15.6679,34.9992,73.0,-78.85,2.0
2020-06-16,15.6473,35.0,74.0,-78.85,2.0
2020-06-16,15.6476,34.9997,75.0,-78.85,2.0
2020-06-16,15.6499,34.9986,76.0,-78.85,2.0
2020-06-16,-99999.0,-99999.0,77.0,-78.85,2.0
2020-06-16,-99999.0,-99999.0,78.0,-78.85,2.0
2020-06-16,-99999.0,-99999.0,79.0,-78.85,2.0
2020-06-16,-99999.0,-99999.0,80.0,-78.85,2.0
2020-06-30,27.676,31.0612,1.0,-78.85,2.0
2020-06-30,27.6729,31.2955,2.0,-78.85,2.0
2020-06-30,27.6952,31.3032,3.0,-78.85,2.0
2020-06-30,27.7262,31.2811,4.0,-78.85,2.0
2020-06-30,27.7247,31.2716,5.0,-78.85,2.0
2020-06-30,27.7228,31.2696,6.0,-78.85,2.0
2020-06-30,27.7166,31.2761,7.0,-78.85,2.0
2020-06-30,27.713,31.2883,8.0,-78.85,2.0
2020-06-30,27.7232,31.287,9.0,-78.85,2.0
2020-06-30,27.7302,31.2861,10.0,-78.85,2.0
2020-06-30,27.7327,31.2838,11.0,-78.85,2.0
2020-06-30,27.7326,31.2846,12.0,-78.85,2.0
2020-06-30,27.7327,31.2854,13.0,-78.85,2.0
2020-06-30,27.7332,31.2867,14.0,-78.85,2.0
2020-06-30,27.7347,31.2978,15.0,-78.85,2.0
2020-06-30,27.7431,31.3262,16.0,-78.85,2.0
2020-06-30,27.7518,31.3195,17.0,-78.85,2.0
2020-06-30,27.7524,31.3193,18.0,-78.85,2.0
2020-06-30,27.7514,31.3176,19.0,-78.85,2.0
2020-06-30,27.7481,31.3168,20.0,-78.85,2.0
2020-06-30,27.7433,31.3127,21.0,-78.85,2.0
2020-06-30,27.7371,31.317,22.0,-78.85,2.0
2020-06-30,27.7238,31.3383,23.0,-78.85,2.0
2020-06-30,27.7111,31.3726,24.0,-78.85,2.0
2020-06-30,27.7054,31.4281,25.0,-78.85,2.0
2020-06-30,27.6781,31.542,26.0,-78.85,2.0
2020-06-30,27.6106,31.6845,27.0,-78.85,2.0
2020-06-30,27.55,31.8046,28.0,-78.85,2.0
2020-06-30,27.4965,31.9081,29.0,-78.85,2.0
2020-06-30,27.449,32.0235,30.0,-78.85,2.0
2020-06-30,27.3952,32.1511,31.0,-78.85,2.0
2020-06-30,27.3371,32.2869,32.0,-78.85,2.0
2020-06-30,27.2565,32.4729,33.0,-78.85,2.0
2020-06-30,26.9406,32.2343,34.0,-78.85,2.0
2020-06-30,25.1012,32.0065,35.0,-78.85,2.0
2020-06-30,22.3122,32.7365,36.0,-78.85,2.0
2020-06-30,20.2105,33.9088,37.0,-78.85,2.0
2020-06-30,19.4894,34.3584,38.0,-78.85,2.0
2020-06-30,19.2046,34.4407,39.0,-78.85,2.0
2020-06-30,18.8427,34.3755,40.0,-78.85,2.0
2020-06-30,18.2672,34.4373,41.0,-78.85,2.0
2020-06-30,17.5566,34.662,42.0,-78.85,2.0
2020-06-30,17.0305,34.9637,43.0,-78.85,2.0
2020-06-30,16.8447,35.0643,44.0,-78.85,2.0
2020-06-30,16.7627,35.0849,45.0,-78.85,2.0
2020-06-30,16.711,35.0838,46.0,-78.85,2.0
2020-06-30,16.6693,35.0752,47.0,-78.85,2.0
2020-06-30,16.6302,35.0815,48.0,-78.85,2.0
2020-06-30,16.6042,35.09,49.0,-78.85,2.0
2020-06-30,16.5875,35.0828,50.0,-78.85,2.0
2020-06-30,16.5682,35.0733,51.0,-78.85,2.0
2020-06-30,16.5423,35.0792,52.0,-78.85,2.0
2020-06-30,16.5267,35.0758,53.0,-78.85,2.0
2020-06-30,16.5145,35.0721,54.0,-78.85,2.0
2020-06-30,16.494,35.0656,55.0,-78.85,2.0
2020-06-30,16.4597,35.0749,56.0,-78.85,2.0
2020-06-30,16.4347,35.0785,57.0,-78.85,2.0
2020-06-30,16.415,35.0752,58.0,-78.85,2.0
2020-06-30,16.3936,35.0509,59.0,-78.85,2.0
2020-06-30,16.3432,35.0349,60.0,-78.85,2.0
2020-06-30,16.2987,35.0482,61.0,-78.85,2.0
2020-06-30,16.2723,35.0375,62.0,-78.85,2.0
2020-06-30,16.237,35.0233,63.0,-78.85,2.0
2020-06-30,16.2006,35.0132,64.0,-78.85,2.0
2020-06-30,16.1529,35.0038,65.0,-78.85,2.0
2020-06-30,16.1076,35.0082,66.0,-78.85,2.0
2020-06-30,16.074,35.0207,67.0,-78.85,2.0
2020-06-30,16.0537,35.0154,68.0,-78.85,2.0
2020-06-30,16.022,35.0173,69.0,-78.85,2.0
2020-06-30,15.9994,35.0343,70.0,-78.85,2.0
2020-06-30,15.9934,35.0434,71.0,-78.85,2.0
2020-06-30,15.9951,35.0457,72.0,-78.85,2.0
2020-06-30,15.9986,35.0425,73.0,-78.85,2.0
2020-06-30,16.0001,35.0417,74.0,-78.85,2.0
2020-06-30,16.0028,35.0421,75.0,-78.85,2.0
2020-06-30,16.0042,35.0331,76.0,-78.85,2.0
2020-06-30,15.9885,35.0199,77.0,-78.85,2.0
2020-06-30,15.9597,35.0221,78.0,-78.85,2.0
2020-06-30,15.9361,35.0225,79.0,-78.85,2.0
2020-06-30,15.9203,35.0264,80.0,-78.85,2.0
2020-07-15,27.2437,30.9754,1.0,-78.85,2.0
2020-07-15,27.2855,30.9478,2.0,-78.85,2.0
2020-07-15,27.2867,30.9608,3.0,-78.85,2.0
2020-07-15,27.264,30.967,4.0,-78.85,2.0
2020-07-15,27.2328,30.9938,5.0,-78.85,2.0
2020-07-15,27.1881,31.0368,6.0,-78.85,2.0
2020-07-15,27.3373,31.0028,7.0,-78.85,2.0
2020-07-15,27.3218,31.0253,8.0,-78.85,2.0
2020-07-15,27.3847,31.0308,9.0,-78.85,2.0
2020-07-15,27.385,31.0474,10.0,-78.85,2.0
2020-07-15,27.3954,31.0908,11.0,-78.85,2.0
2020-07-15,27.3606,31.1392,12.0,-78.85,2.0
2020-07-15,27.3842,31.1909,13.0,-78.85,2.0
2020-07-15,27.3919,31.1716,14.0,-78.85,2.0
2020-07-15,27.4271,31.3388,15.0,-78.85,2.0
2020-07-15,27.3972,31.4074,16.0,-78.85,2.0
2020-07-15,27.328,31.5884,17.0,-78.85,2.0
2020-07-15,27.2678,31.9015,18.0,-78.85,2.0
2020-07-15,27.2544,32.2391,19.0,-78.85,2.0
2020-07-15,27.2441,32.3158,20.0,-78.85,2.0
2020-07-15,27.2462,32.3357,21.0,-78.85,2.0
2020-07-15,27.2511,32.3728,22.0,-78.85,2.0
2020-07-15,27.2415,32.3823,23.0,-78.85,2.0
2020-07-15,27.207,32.4246,24.0,-78.85,2.0
2020-07-15,27.1191,32.5254,25.0,-78.85,2.0
2020-07-15,27.099,32.6443,26.0,-78.85,2.0
2020-07-15,27.0706,32.7361,27.0,-78.85,2.0
2020-07-15,27.037,32.755,28.0,-78.85,2.0
2020-07-15,27.01,32.7911,29.0,-78.85,2.0
2020-07-15,26.9784,32.8126,30.0,-78.85,2.0
2020-07-15,26.8909,32.8257,31.0,-78.85,2.0
2020-07-15,26.6747,32.8192,32.0,-78.85,2.0
2020-07-15,26.318,32.9263,33.0,-78.85,2.0
2020-07-15,26.2501,32.9493,34.0,-78.85,2.0
2020-07-15,26.1021,32.9365,35.0,-78.85,2.0
2020-07-15,25.8619,32.8661,36.0,-78.85,2.0
2020-07-15,25.4522,33.0406,37.0,-78.85,2.0
2020-07-15,24.7961,33.0404,38.0,-78.85,2.0
2020-07-15,23.9992,33.0845,39.0,-78.85,2.0
2020-07-15,22.6129,33.2524,40.0,-78.85,2.0
2020-07-15,19.6245,33.4928,41.0,-78.85,2.0
2020-07-15,16.388,34.849,42.0,-78.85,2.0
2020-07-15,16.2005,34.9435,43.0,-78.85,2.0
2020-07-15,16.1109,34.9728,44.0,-78.85,2.0
2020-07-15,16.0822,34.9765,45.0,-78.85,2.0
2020-07-15,16.056,34.9718,46.0,-78.85,2.0
2020-07-15,16.002,34.9715,47.0,-78.85,2.0
2020-07-15,15.9723,34.9786,48.0,-78.85,2.0
2020-07-15,15.9519,34.9781,49.0,-78.85,2.0
2020-07-15,15.9424,34.9752,50.0,-78.85,2.0
2020-07-15,15.8783,34.9635,51.0,-78.85,2.0
2020-07-15,15.8034,34.983,52.0,-78.85,2.0
2020-07-15,15.7864,34.9816,53.0,-78.85,2.0
2020-07-15,15.7771,34.9834,54.0,-78.85,2.0
2020-07-15,15.7733,34.9859,55.0,-78.85,2.0
2020-07-15,15.7695,34.9815,56.0,-78.85,2.0
2020-07-15,15.7436,34.9715,57.0,-78.85,2.0
2020-07-15,15.6819,34.9634,58.0,-78.85,2.0
2020-07-15,15.6242,34.9827,59.0,-78.85,2.0
2020-07-15,15.617,34.9795,60.0,-78.85,2.0
2020-07-15,15.5886,34.9786,61.0,-78.85,2.0
2020-07-15,15.571,34.9842,62.0,-78.85,2.0
2020-07-15,15.5458,34.9764,63.0,-78.85,2.0
2020-07-15,15.4775,34.9802,64.0,-78.85,2.0
2020-07-15,15.4541,34.9873,65.0,-78.85,2.0
2020-07-15,15.4483,34.9885,66.0,-78.85,2.0
2020-07-15,15.442,34.9873,67.0,-78.85,2.0
2020-07-15,15.436,34.9872,68.0,-78.85,2.0
2020-07-15,15.4313,34.9864,69.0,-78.85,2.0
2020-07-15,15.4184,34.9802,70.0,-78.85,2.0
2020-07-15,15.3861,34.9757,71.0,-78.85,2.0
2020-07-15,15.3489,34.9739,72.0,-78.85,2.0
2020-07-15,15.3042,34.9683,73.0,-78.85,2.0
2020-07-15,15.2571,34.9728,74.0,-78.85,2.0
2020-07-15,15.2196,34.9694,75.0,-78.85,2.0
2020-07-15,15.1825,34.9687,76.0,-78.85,2.0
2020-07-15,15.1493,34.9691,77.0,-78.85,2.0
2020-07-15,15.0917,34.9561,78.0,-78.85,2.0
2020-07-15,15.0425,34.9696,79.0,-78.85,2.0
2020-07-15,15.0324,34.968,80.0,-78.85,2.0
2020-07-30,26.7975,31.4987,1.0,-78.85,2.0
2020-07-30,26.7804,31.5169,2.0,-78.85,2.0
2020-07-30,26.7786,31.5011,3.0,-78.85,2.0
2020-07-30,26.7931,31.5533,4.0,-78.85,2.0
2020-07-30,26.7792,31.5369,5.0,-78.85,2.0
2020-07-30,26.7984,31.5534,6.0,-78.85,2.0
2020-07-30,26.7897,31.5998,7.0,-78.85,2.0
2020-07-30,26.8166,31.7018,8.0,-78.85,2.0
2020-07-30,26.8118,31.7148,9.0,-78.85,2.0
2020-07-30,26.7769,31.8427,10.0,-78.85,2.0
2020-07-30,26.7684,32.1203,11.0,-78.85,2.0
2020-07-30,26.8331,32.2504,12.0,-78.85,2.0
2020-07-30,26.851,32.4259,13.0,-78.85,2.0
2020-07-30,26.9037,32.4838,14.0,-78.85,2.0
2020-07-30,26.8908,32.4961,15.0,-78.85,2.0
2020-07-30,26.846,32.6263,16.0,-78.85,2.0
2020-07-30,26.8121,32.6944,17.0,-78.85,2.0
2020-07-30,26.7771,32.7776,18.0,-78.85,2.0
2020-07-30,26.7635,32.8674,19.0,-78.85,2.0
2020-07-30,26.741,32.9091,20.0,-78.85,2.0
2020-07-30,26.6978,32.9584,21.0,-78.85,2.0
2020-07-30,26.6882,33.0113,22.0,-78.85,2.0
2020-07-30,26.7036,33.02,23.0,-78.85,2.0
2020-07-30,26.705,33.022,24.0,-78.85,2.0
2020-07-30,26.6881,33.0246,25.0,-78.85,2.0
2020-07-30,26.6666,33.053,26.0,-78.85,2.0
2020-07-30,26.6588,33.0559,27.0,-78.85,2.0
2020-07-30,26.6515,33.0666,28.0,-78.85,2.0
2020-07-30,26.6558,33.0932,29.0,-78.85,2.0
2020-07-30,26.6685,33.1258,30.0,-78.85,2.0
2020-07-30,26.6778,33.1577,31.0,-78.85,2.0
2020-07-30,26.6391,33.1173,32.0,-78.85,2.0
2020-07-30,26.3606,33.066,33.0,-78.85,2.0
2020-07-30,25.7418,33.0949,34.0,-78.85,2.0
2020-07-30,24.9074,33.3092,35.0,-78.85,2.0
2020-07-30,24.1708,33.4799,36.0,-78.85,2.0
2020-07-30,23.587,33.6942,37.0,-78.85,2.0
2020-07-30,23.1007,33.4745,38.0,-78.85,2.0
2020-07-30,21.7824,33.3813,39.0,-78.85,2.0
2020-07-30,20.0625,33.5644,40.0,-78.85,2.0
2020-07-30,18.1201,34.0667,41.0,-78.85,2.0
2020-07-30,17.0299,34.7693,42.0,-78.85,2.0
2020-07-30,16.5418,34.9736,43.0,-78.85,2.0
2020-07-30,16.2668,35.0507,44.0,-78.85,2.0
2020-07-30,16.1067,35.1217,45.0,-78.85,2.0
2020-07-30,16.0194,35.1351,46.0,-78.85,2.0
2020-07-30,15.9654,35.1475,47.0,-78.85,2.0
2020-07-30,15.918,35.1149,48.0,-78.85,2.0
2020-07-30,15.8193,35.0422,49.0,-78.85,2.0
2020-07-30,15.7132,35.1121,50.0,-78.85,2.0
2020-07-30,15.6944,35.1151,51.0,-78.85,2.0
2020-07-30,15.6899,35.1083,52.0,-78.85,2.0
2020-07-30,15.6859,35.097,53.0,-78.85,2.0
2020-07-30,15.6832,35.0952,54.0,-78.85,2.0
2020-07-30,15.6788,35.089,55.0,-78.85,2.0
2020-07-30,15.6737,35.0804,56.0,-78.85,2.0
2020-07-30,15.67,35.0759,57.0,-78.85,2.0
2020-07-30,15.6665,35.069,58.0,-78.85,2.0
2020-07-30,15.664,35.0656,59.0,-78.85,2.0
2020-07-30,15.663,35.0563,60.0,-78.85,2.0
2020-07-30,15.6605,35.0562,61.0,-78.85,2.0
2020-07-30,15.6597,35.0525,62.0,-78.85,2.0
2020-07-30,15.6581,35.0508,63.0,-78.85,2.0
2020-07-30,15.656,35.0459,64.0,-78.85,2.0
2020-07-30,15.6551,35.0451,65.0,-78.85,2.0
2020-07-30,15.6525,35.04,66.0,-78.85,2.0
2020-07-30,15.6467,35.0339,67.0,-78.85,2.0
2020-07-30,15.6342,35.0304,68.0,-78.85,2.0
2020-07-30,15.6132,35.0219,69.0,-78.85,2.0
2020-07-30,15.5822,35.0236,70.0,-78.85,2.0
2020-07-30,15.5597,35.0379,71.0,-78.85,2.0
2020-07-30,15.55,35.0316,72.0,-78.85,2.0
2020-07-30,15.5426,35.0232,73.0,-78.85,2.0
2020-07-30,15.5327,35.0153,74.0,-78.85,2.0
2020-07-30,15.5147,35.0137,75.0,-78.85,2.0
2020-07-30,15.5032,35.0195,76.0,-78.85,2.0
2020-07-30,15.4949,35.0077,77.0,-78.85,2.0
2020-07-30,15.4767,35.0085,78.0,-78.85,2.0
2020-07-30,15.4602,35.0137,79.0,-78.85,2.0
2020-07-30,15.4709,35.0094,80.0,-78.85,2.0
2020-08-13,27.0733,32.1137,1.0,-78.85,2.0
2020-08-13,27.0988,32.1671,2.0,-78.85,2.0
2020-08-13,27.1048,32.161,3.0,-78.85,2.0
2020-08-13,27.099,32.1647,4.0,-78.85,2.0
2020-08-13,27.0958,32.1685,5.0,-78.85,2.0
2020-08-13,27.0946,32.0828,6.0,-78.85,2.0
2020-08-13,27.0758,32.1361,7.0,-78.85,2.0
2020-08-13,27.0841,32.2409,8.0,-78.85,2.0
2020-08-13,27.0987,32.2276,9.0,-78.85,2.0
2020-08-13,27.1065,32.231,10.0,-78.85,2.0
2020-08-13,27.1122,32.2294,11.0,-78.85,2.0
2020-08-13,27.1137,32.2351,12.0,-78.85,2.0
2020-08-13,27.1176,32.2335,13.0,-78.85,2.0
2020-08-13,27.118,32.2355,14.0,-78.85,2.0
2020-08-13,27.1184,32.2355,15.0,-78.85,2.0
2020-08-13,27.1203,32.2433,16.0,-78.85,2.0
2020-08-13,27.1263,32.2437,17.0,-78.85,2.0
2020-08-13,27.1294,32.2427,18.0,-78.85,2.0
2020-08-13,27.1312,32.2469,19.0,-78.85,2.0
2020-08-13,27.1346,32.2506,20.0,-78.85,2.0
2020-08-13,27.1366,32.2479,21.0,-78.85,2.0
2020-08-13,27.1377,32.2531,22.0,-78.85,2.0
2020-08-13,27.1397,32.254,23.0,-78.85,2.0
2020-08-13,27.1407,32.2547,24.0,-78.85,2.0
2020-08-13,27.1417,32.2577,25.0,-78.85,2.0
2020-08-13,27.1427,32.2631,26.0,-78.85,2.0
2020-08-13,27.1454,32.2668,27.0,-78.85,2.0
2020-08-13,27.1473,32.2696,28.0,-78.85,2.0
2020-08-13,27.1481,32.2739,29.0,-78.85,2.0
2020-08-13,27.1473,32.2825,30.0,-78.85,2.0
2020-08-13,27.1448,32.293,31.0,-78.85,2.0
2020-08-13,27.1404,32.3078,32.0,-78.85,2.0
2020-08-13,27.1274,32.3301,33.0,-78.85,2.0
2020-08-13,27.0733,32.2725,34.0,-78.85,2.0
2020-08-13,26.6859,32.2838,35.0,-78.85,2.0
2020-08-13,26.1976,32.492,36.0,-78.85,2.0
2020-08-13,25.0093,31.5478,37.0,-78.85,2.0
2020-08-13,21.4144,32.8299,38.0,-78.85,2.0
2020-08-13,19.1736,33.8371,39.0,-78.85,2.0
2020-08-13,17.5355,34.5458,40.0,-78.85,2.0
2020-08-13,16.8326,34.9377,41.0,-78.85,2.0
2020-08-13,16.5996,34.9589,42.0,-78.85,2.0
2020-08-13,16.3488,35.0518,43.0,-78.85,2.0
2020-08-13,16.2244,35.0909,44.0,-78.85,2.0
2020-08-13,16.1442,35.0988,45.0,-78.85,2.0
2020-08-13,16.0735,35.107,46.0,-78.85,2.0
2020-08-13,16.0061,35.0942,47.0,-78.85,2.0
2020-08-13,15.9394,35.0808,48.0,-78.85,2.0
2020-08-13,15.864,35.0799,49.0,-78.85,2.0
2020-08-13,15.7912,35.0852,50.0,-78.85,2.0
2020-08-13,15.7263,35.081,51.0,-78.85,2.0
2020-08-13,15.6794,35.0974,52.0,-78.85,2.0
2020-08-13,15.6496,35.1145,53.0,-78.85,2.0
2020-08-13,15.6356,35.1082,54.0,-78.85,2.0
2020-08-13,15.6146,35.1019,55.0,-78.85,2.0
2020-08-13,15.6045,35.1065,56.0,-78.85,2.0
2020-08-13,15.6008,35.0971,57.0,-78.85,2.0
2020-08-13,15.5961,35.0968,58.0,-78.85,2.0
2020-08-13,15.5885,35.0807,59.0,-78.85,2.0
2020-08-13,15.5668,35.0683,60.0,-78.85,2.0
2020-08-13,15.5402,35.069,61.0,-78.85,2.0
2020-08-13,15.5183,35.0588,62.0,-78.85,2.0
2020-08-13,15.5015,35.0661,63.0,-78.85,2.0
2020-08-13,15.4972,35.0728,64.0,-78.85,2.0
2020-08-13,15.4967,35.0709,65.0,-78.85,2.0
2020-08-13,15.4945,35.0725,66.0,-78.85,2.0
2020-08-13,15.4949,35.0614,67.0,-78.85,2.0
2020-08-13,15.4918,35.0507,68.0,-78.85,2.0
2020-08-13,15.4872,35.05,69.0,-78.85,2.0
2020-08-13,15.4834,35.0465,70.0,-78.85,2.0
2020-08-13,15.4714,35.0393,71.0,-78.85,2.0
2020-08-13,15.4519,35.0437,72.0,-78.85,2.0
2020-08-13,15.4421,35.0403,73.0,-78.85,2.0
2020-08-13,15.431,35.0377,74.0,-78.85,2.0
2020-08-13,15.4227,35.0329,75.0,-78.85,2.0
2020-08-13,15.4148,35.0348,76.0,-78.85,2.0
2020-08-13,15.4129,35.033,77.0,-78.85,2.0
2020-08-13,15.4097,35.0256,78.0,-78.85,2.0
2020-08-13,15.3972,35.0163,79.0,-78.85,2.0
2020-08-13,15.4195,35.0314,80.0,-78.85,2.0
2020-08-28,26.7545,31.2711,1.0,-78.85,2.0
2020-08-28,26.9531,31.1075,2.0,-78.85,2.0
2020-08-28,26.8194,31.1888,3.0,-78.85,2.0
2020-08-28,27.0667,31.1495,4.0,-78.85,2.0
2020-08-28,27.0747,31.1559,5.0,-78.85,2.0
2020-08-28,27.0856,31.2766,6.0,-78.85,2.0
2020-08-28,27.1421,31.3542,7.0,-78.85,2.0
2020-08-28,27.1617,31.3725,8.0,-78.85,2.0
2020-08-28,27.1361,31.4503,9.0,-78.85,2.0
2020-08-28,27.1161,31.5131,10.0,-78.85,2.0
2020-08-28,27.0911,31.5026,11.0,-78.85,2.0
2020-08-28,27.0472,31.5045,12.0,-78.85,2.0
2020-08-28,27.005,31.5377,13.0,-78.85,2.0
2020-08-28,26.9924,31.5623,14.0,-78.85,2.0
2020-08-28,26.9894,31.5775,15.0,-78.85,2.0
2020-08-28,26.989,31.6028,16.0,-78.85,2.0
2020-08-28,26.9926,31.7287,17.0,-78.85,2.0
2020-08-28,27.024,31.8726,18.0,-78.85,2.0
2020-08-28,27.0449,31.8793,19.0,-78.85,2.0
2020-08-28,27.0357,31.902,20.0,-78.85,2.0
2020-08-28,27.0205,31.9372,21.0,-78.85,2.0
2020-08-28,27.0138,31.9567,22.0,-78.85,2.0
2020-08-28,27.0082,31.9814,23.0,-78.85,2.0
2020-08-28,26.9972,32.0068,24.0,-78.85,2.0
2020-08-28,26.9798,32.0177,25.0,-78.85,2.0
2020-08-28,26.9713,32.0222,26.0,-78.85,2.0
2020-08-28,26.9676,32.0253,27.0,-78.85,2.0
2020-08-28,26.9668,32.0324,28.0,-78.85,2.0
2020-08-28,26.9688,32.0323,29.0,-78.85,2.0
2020-08-28,26.9679,32.0359,30.0,-78.85,2.0
2020-08-28,26.9653,32.042,31.0,-78.85,2.0
2020-08-28,26.9623,32.0443,32.0,-78.85,2.0
2020-08-28,26.956,32.0459,33.0,-78.85,2.0
2020-08-28,26.9256,32.0665,34.0,-78.85,2.0
2020-08-28,26.8483,32.0773,35.0,-78.85,2.0
2020-08-28,26.7258,32.0966,36.0,-78.85,2.0
2020-08-28,26.6192,32.1413,37.0,-78.85,2.0
2020-08-28,26.5664,32.1506,38.0,-78.85,2.0
2020-08-28,26.4966,32.0901,39.0,-78.85,2.0
2020-08-28,26.2349,32.0852,40.0,-78.85,2.0
2020-08-28,25.8031,32.0804,41.0,-78.85,2.0
2020-08-28,25.0323,32.2906,42.0,-78.85,2.0
2020-08-28,24.4515,32.5909,43.0,-78.85,2.0
2020-08-28,23.7179,32.206,44.0,-78.85,2.0
2020-08-28,21.5041,32.1892,45.0,-78.85,2.0
2020-08-28,18.3222,33.2503,46.0,-78.85,2.0
2020-08-28,16.3813,34.5029,47.0,-78.85,2.0
2020-08-28,15.8869,34.8392,48.0,-78.85,2.0
2020-08-28,15.6766,34.9649,49.0,-78.85,2.0
2020-08-28,15.611,34.9958,50.0,-78.85,2.0
2020-08-28,15.5781,35.0052,51.0,-78.85,2.0
2020-08-28,15.5572,35.0029,52.0,-78.85,2.0
2020-08-28,15.5338,35.0063,53.0,-78.85,2.0
2020-08-28,15.5182,35.0062,54.0,-78.85,2.0
2020-08-28,15.494,34.9662,55.0,-78.85,2.0
2020-08-28,15.4218,34.955,56.0,-78.85,2.0
2020-08-28,15.3403,34.9375,57.0,-78.85,2.0
2020-08-28,15.2489,34.949,58.0,-78.85,2.0
2020-08-28,15.1768,34.9687,59.0,-78.85,2.0
2020-08-28,15.1342,34.97,60.0,-78.85,2.0
2020-08-28,15.0973,34.9771,61.0,-78.85,2.0
2020-08-28,15.0776,34.9798,62.0,-78.85,2.0
2020-08-28,15.0536,34.9701,63.0,-78.85,2.0
2020-08-28,15.0274,34.9783,64.0,-78.85,2.0
2020-08-28,15.0146,34.9823,65.0,-78.85,2.0
2020-08-28,15.0002,34.9541,66.0,-78.85,2.0
2020-08-28,14.9514,34.9452,67.0,-78.85,2.0
2020-08-28,14.9042,34.968,68.0,-78.85,2.0
2020-08-28,14.8881,34.964,69.0,-78.85,2.0
2020-08-28,14.8639,34.9595,70.0,-78.85,2.0
2020-08-28,14.8421,34.9589,71.0,-78.85,2.0
2020-08-28,14.8148,34.9469,72.0,-78.85,2.0
2020-08-28,14.7721,34.9354,73.0,-78.85,2.0
2020-08-28,14.7265,34.9519,74.0,-78.85,2.0
2020-08-28,14.7059,34.946,75.0,-78.85,2.0
2020-08-28,14.6561,34.9016,76.0,-78.85,2.0
2020-08-28,14.5658,34.9006,77.0,-78.85,2.0
2020-08-28,14.4865,34.911,78.0,-78.85,2.0
2020-08-28,14.4331,34.9348,79.0,-78.85,2.0
2020-08-28,14.4151,34.9996,80.0,-78.85,2.0
2020-09-15,27.0383,30.7057,1.0,-78.85,2.0
2020-09-15,27.0734,30.8666,2.0,-78.85,2.0
2020-09-15,27.0895,30.8715,3.0,-78.85,2.0
2020-09-15,27.0865,30.8681,4.0,-78.85,2.0
2020-09-15,27.0911,30.8699,5.0,-78.85,2.0
2020-09-15,27.0945,30.8661,6.0,-78.85,2.0
2020-09-15,27.0911,30.8659,7.0,-78.85,2.0
2020-09-15,27.0894,30.8667,8.0,-78.85,2.0
2020-09-15,27.0889,30.8669,9.0,-78.85,2.0
2020-09-15,27.0869,30.866,10.0,-78.85,2.0
2020-09-15,27.0842,30.8671,11.0,-78.85,2.0
2020-09-15,27.0764,30.8647,12.0,-78.85,2.0
2020-09-15,27.0745,30.8667,13.0,-78.85,2.0
2020-09-15,27.0673,30.8667,14.0,-78.85,2.0
2020-09-15,27.0531,30.8639,15.0,-78.85,2.0
2020-09-15,27.0363,30.8667,16.0,-78.85,2.0
2020-09-15,27.0225,30.8697,17.0,-78.85,2.0
2020-09-15,27.0154,30.8767,18.0,-78.85,2.0
2020-09-15,27.0135,30.8807,19.0,-78.85,2.0
2020-09-15,27.0131,30.8845,20.0,-78.85,2.0
2020-09-15,27.0123,30.8899,21.0,-78.85,2.0
2020-09-15,27.0115,30.892,22.0,-78.85,2.0
2020-09-15,27.0099,30.9086,23.0,-78.85,2.0
2020-09-15,27.0082,30.9335,24.0,-78.85,2.0
2020-09-15,27.0062,30.9489,25.0,-78.85,2.0
2020-09-15,27.0011,30.9544,26.0,-78.85,2.0
2020-09-15,26.9866,30.9781,27.0,-78.85,2.0
2020-09-15,26.9538,31.0284,28.0,-78.85,2.0
2020-09-15,26.893,31.1404,29.0,-78.85,2.0
2020-09-15,26.8001,31.2946,30.0,-78.85,2.0
2020-09-15,26.6755,31.4721,31.0,-78.85,2.0
2020-09-15,26.5416,31.8843,32.0,-78.85,2.0
2020-09-15,26.4671,32.5289,33.0,-78.85,2.0
2020-09-15,26.3468,32.7147,34.0,-78.85,2.0
2020-09-15,26.1253,32.6902,35.0,-78.85,2.0
2020-09-15,25.8725,32.7207,36.0,-78.85,2.0
2020-09-15,25.5829,32.7717,37.0,-78.85,2.0
2020-09-15,25.1361,32.7927,38.0,-78.85,2.0
2020-09-15,24.5121,32.7117,39.0,-78.85,2.0
2020-09-15,23.7592,32.6903,40.0,-78.85,2.0
2020-09-15,23.2157,33.1738,41.0,-78.85,2.0
2020-09-15,22.8089,33.3569,42.0,-78.85,2.0
2020-09-15,22.1356,33.2424,43.0,-78.85,2.0
2020-09-15,21.0265,33.2296,44.0,-78.85,2.0
2020-09-15,19.614,33.3408,45.0,-78.85,2.0
2020-09-15,18.0578,33.3873,46.0,-78.85,2.0
2020-09-15,16.7176,33.8893,47.0,-78.85,2.0
2020-09-15,15.9118,34.5104,48.0,-78.85,2.0
2020-09-15,15.4859,34.7866,49.0,-78.85,2.0
2020-09-15,15.2481,34.92,50.0,-78.85,2.0
2020-09-15,15.1377,34.9834,51.0,-78.85,2.0
2020-09-15,15.0764,35.0003,52.0,-78.85,2.0
2020-09-15,15.0248,34.9777,53.0,-78.85,2.0
2020-09-15,14.983,34.978,54.0,-78.85,2.0
2020-09-15,14.9585,35.0072,55.0,-78.85,2.0
2020-09-15,14.9314,34.9914,56.0,-78.85,2.0
2020-09-15,14.895,34.9673,57.0,-78.85,2.0
2020-09-15,14.8606,34.9728,58.0,-78.85,2.0
2020-09-15,14.829,34.9725,59.0,-78.85,2.0
2020-09-15,14.7962,34.9717,60.0,-78.85,2.0
2020-09-15,14.7505,34.9568,61.0,-78.85,2.0
2020-09-15,14.689,34.9134,62.0,-78.85,2.0
2020-09-15,14.6448,34.946,63.0,-78.85,2.0
2020-09-15,14.6233,34.9695,64.0,-78.85,2.0
2020-09-15,14.6021,34.9595,65.0,-78.85,2.0
2020-09-15,14.5725,34.957,66.0,-78.85,2.0
2020-09-15,14.5499,34.9452,67.0,-78.85,2.0
2020-09-15,14.5367,34.9563,68.0,-78.85,2.0
2020-09-15,14.528,34.9579,69.0,-78.85,2.0
2020-09-15,14.5232,34.9654,70.0,-78.85,2.0
2020-09-15,14.5176,34.9622,71.0,-78.85,2.0
2020-09-15,14.5025,34.9522,72.0,-78.85,2.0
2020-09-15,14.4775,34.9385,73.0,-78.85,2.0
2020-09-15,14.4509,34.9355,74.0,-78.85,2.0
2020-09-15,14.4325,34.946,75.0,-78.85,2.0
2020-09-15,14.4243,34.9556,76.0,-78.85,2.0
2020-09-15,14.417,34.9522,77.0,-78.85,2.0
2020-09-15,14.4088,34.9466,78.0,-78.85,2.0
2020-09-15,14.4013,34.9454,79.0,-78.85,2.0
2020-09-15,14.3974,34.9479,80.0,-78.85,2.0
2020-09-15,14.3983,34.9535,81.0,-78.85,2.0
2020-09-15,14.3988,34.9525,82.0,-78.85,2.0
2020-09-15,14.3949,34.9483,83.0,-78.85,2.0
2020-09-15,14.3867,34.9408,84.0,-78.85,2.0
2020-09-15,14.3786,34.9423,85.0,-78.85,2.0
2020-09-15,14.373,34.943,86.0,-78.85,2.0
2020-09-15,14.3705,34.9485,87.0,-78.85,2.0
2020-09-15,14.367,34.9464,88.0,-78.85,2.0
2020-09-15,14.3592,34.9418,89.0,-78.85,2.0
2020-09-15,14.3474,34.9351,90.0,-78.85,2.0
2020-09-15,14.3364,34.9342,91.0,-78.85,2.0
2020-09-15,14.3321,34.9457,92.0,-78.85,2.0
2020-09-15,14.3298,34.9454,93.0,-78.85,2.0
2020-09-15,14.323,34.939,94.0,-78.85,2.0
2020-09-15,14.3131,34.9341,95.0,-78.85,2.0
2020-09-15,14.3051,34.9355,96.0,-78.85,2.0
2020-09-15,14.3021,34.9412,97.0,-78.85,2.0
2020-09-15,14.3026,34.9444,98.0,-78.85,2.0
2020-09-15,14.3012,34.9422,99.0,-78.85,2.0
2020-09-15,14.2956,34.9382,100.0,-78.85,2.0
2020-09-15,-99999.0,-99999.0,1.0,-78.85,2.0
2020-09-15,-99999.0,-99999.0,2.0,-78.85,2.0
2020-09-15,-99999.0,-99999.0,3.0,-78.85,2.0
2020-09-15,-99999.0,-99999.0,4.0,-78.85,2.0
2020-09-15,-99999.0,-99999.0,5.0,-78.85,2.0
2020-09-15,-99999.0,-99999.0,6.0,-78.85,2.0
2020-09-15,-99999.0,-99999.0,7.0,-78.85,2.0
2020-09-15,-99999.0,-99999.0,8.0,-78.85,2.0
2020-09-15,-99999.0,-99999.0,9.0,-78.85,2.0
2020-09-15,-99999.0,-99999.0,10.0,-78.85,2.0
2020-09-15,-99999.0,-99999.0,11.0,-78.85,2.0
2020-09-15,-99999.0,-99999.0,12.0,-78.85,2.0
2020-09-15,-99999.0,-99999.0,13.0,-78.85,2.0
2020-09-15,-99999.0,-99999.0,14.0,-78.85,2.0
2020-09-15,-99999.0,-99999.0,15.0,-78.85,2.0
2020-09-15,-99999.0,-99999.0,16.0,-78.85,2.0
2020-09-15,-99999.0,-99999.0,17.0,-78.85,2.0
2020-09-15,-99999.0,-99999.0,18.0,-78.85,2.0
2020-09-15,-99999.0,-99999.0,19.0,-78.85,2.0
2020-09-15,-99999.0,-99999.0,20.0,-78.85,2.0
2020-09-15,-99999.0,-99999.0,21.0,-78.85,2.0
2020-09-15,-99999.0,-99999.0,22.0,-78.85,2.0
2020-09-15,-99999.0,-99999.0,23.0,-78.85,2.0
2020-09-15,-99999.0,-99999.0,24.0,-78.85,2.0
2020-09-15,-99999.0,-99999.0,25.0,-78.85,2.0
2020-09-15,-99999.0,-99999.0,26.0,-78.85,2.0
2020-09-15,-99999.0,-99999.0,27.0,-78.85,2.0
2020-09-15,-99999.0,-99999.0,28.0,-78.85,2.0
2020-09-15,-99999.0,-99999.0,29.0,-78.85,2.0
2020-09-15,-99999.0,-99999.0,30.0,-78.85,2.0
2020-09-15,-99999.0,-99999.0,31.0,-78.85,2.0
2020-09-15,-99999.0,-99999.0,32.0,-78.85,2.0
2020-09-15,-99999.0,-99999.0,33.0,-78.85,2.0
2020-09-15,-99999.0,-99999.0,34.0,-78.85,2.0
2020-09-15,-99999.0,-99999.0,35.0,-78.85,2.0
2020-09-15,-99999.0,-99999.0,36.0,-78.85,2.0
2020-09-15,-99999.0,-99999.0,37.0,-78.85,2.0
2020-09-15,-99999.0,-99999.0,38.0,-78.85,2.0
2020-09-15,-99999.0,-99999.0,39.0,-78.85,2.0
2020-09-15,-99999.0,-99999.0,40.0,-78.85,2.0
2020-09-15,-99999.0,-99999.0,41.0,-78.85,2.0
2020-09-15,-99999.0,-99999.0,42.0,-78.85,2.0
2020-09-15,-99999.0,-99999.0,43.0,-78.85,2.0
2020-09-15,-99999.0,-99999.0,44.0,-78.85,2.0
2020-09-15,-99999.0,-99999.0,45.0,-78.85,2.0
2020-09-15,-99999.0,-99999.0,46.0,-78.85,2.0
2020-09-15,-99999.0,-99999.0,47.0,-78.85,2.0
2020-09-15,-99999.0,-99999.0,48.0,-78.85,2.0
2020-09-15,-99999.0,-99999.0,49.0,-78.85,2.0
2020-09-15,-99999.0,-99999.0,50.0,-78.85,2.0
2020-09-15,-99999.0,-99999.0,51.0,-78.85,2.0
2020-09-15,-99999.0,-99999.0,52.0,-78.85,2.0
2020-09-15,-99999.0,-99999.0,53.0,-78.85,2.0
2020-09-15,-99999.0,-99999.0,54.0,-78.85,2.0
2020-09-15,-99999.0,-99999.0,55.0,-78.85,2.0
2020-09-15,-99999.0,-99999.0,56.0,-78.85,2.0
2020-09-15,-99999.0,-99999.0,57.0,-78.85,2.0
2020-09-15,-99999.0,-99999.0,58.0,-78.85,2.0
2020-09-15,-99999.0,-99999.0,59.0,-78.85,2.0
2020-09-15,-99999.0,-99999.0,60.0,-78.85,2.0
2020-09-15,-99999.0,-99999.0,61.0,-78.85,2.0
2020-09-15,-99999.0,-99999.0,62.0,-78.85,2.0
2020-09-15,-99999.0,-99999.0,63.0,-78.85,2.0
2020-09-15,-99999.0,-99999.0,64.0,-78.85,2.0
2020-09-15,-99999.0,-99999.0,65.0,-78.85,2.0
2020-09-15,-99999.0,-99999.0,66.0,-78.85,2.0
2020-09-15,-99999.0,-99999.0,67.0,-78.85,2.0
2020-09-15,-99999.0,-99999.0,68.0,-78.85,2.0
2020-09-15,-99999.0,-99999.0,69.0,-78.85,2.0
2020-09-15,-99999.0,-99999.0,70.0,-78.85,2.0
2020-09-15,-99999.0,-99999.0,71.0,-78.85,2.0
2020-09-15,-99999.0,-99999.0,72.0,-78.85,2.0
2020-09-15,-99999.0,-99999.0,73.0,-78.85,2.0
2020-09-15,-99999.0,-99999.0,74.0,-78.85,2.0
2020-09-15,-99999.0,-99999.0,75.0,-78.85,2.0
2020-09-15,-99999.0,-99999.0,76.0,-78.85,2.0
2020-09-15,-99999.0,-99999.0,77.0,-78.85,2.0
2020-09-15,-99999.0,-99999.0,78.0,-78.85,2.0
2020-09-15,-99999.0,-99999.0,79.0,-78.85,2.0
2020-09-15,-99999.0,-99999.0,80.0,-78.85,2.0
2020-10-15,26.2245,30.5062,1.0,-78.85,2.0
2020-10-15,27.2567,30.0148,2.0,-78.85,2.0
2020-10-15,27.228,29.9748,3.0,-78.85,2.0
2020-10-15,27.2016,30.0244,4.0,-78.85,2.0
2020-10-15,27.2952,30.1875,5.0,-78.85,2.0
2020-10-15,27.2983,30.1859,6.0,-78.85,2.0
2020-10-15,27.2976,30.1845,7.0,-78.85,2.0
2020-10-15,27.3059,30.1835,8.0,-78.85,2.0
2020-10-15,27.2989,30.182,9.0,-78.85,2.0
2020-10-15,27.3047,30.1925,10.0,-78.85,2.0
2020-10-15,27.3128,30.2059,11.0,-78.85,2.0
2020-10-15,27.3317,30.2253,12.0,-78.85,2.0
2020-10-15,27.3412,30.228,13.0,-78.85,2.0
2020-10-15,27.3368,30.2301,14.0,-78.85,2.0
2020-10-15,27.3452,30.2386,15.0,-78.85,2.0
2020-10-15,27.3482,30.2399,16.0,-78.85,2.0
2020-10-15,27.3503,30.2414,17.0,-78.85,2.0
2020-10-15,27.3509,30.241,18.0,-78.85,2.0
2020-10-15,27.3528,30.2429,19.0,-78.85,2.0
2020-10-15,27.3579,30.25,20.0,-78.85,2.0
2020-10-15,27.3129,30.2968,21.0,-78.85,2.0
2020-10-15,27.2304,30.3396,22.0,-78.85,2.0
2020-10-15,27.1911,30.3581,23.0,-78.85,2.0
2020-10-15,27.1587,30.3738,24.0,-78.85,2.0
2020-10-15,27.1382,30.3861,25.0,-78.85,2.0
2020-10-15,27.1245,30.3899,26.0,-78.85,2.0
2020-10-15,27.1147,30.3986,27.0,-78.85,2.0
2020-10-15,27.1058,30.4001,28.0,-78.85,2.0
2020-10-15,27.0954,30.4064,29.0,-78.85,2.0
2020-10-15,27.0917,30.4087,30.0,-78.85,2.0
2020-10-15,27.0878,30.4102,31.0,-78.85,2.0
2020-10-15,27.0886,30.413,32.0,-78.85,2.0
2020-10-15,27.0659,30.4253,33.0,-78.85,2.0
2020-10-15,27.0204,30.4422,34.0,-78.85,2.0
2020-10-15,26.5179,30.2531,35.0,-78.85,2.0
2020-10-15,22.9077,31.9172,36.0,-78.85,2.0
2020-10-15,21.601,32.9734,37.0,-78.85,2.0
2020-10-15,19.7625,32.6795,38.0,-78.85,2.0
2020-10-15,16.9027,33.9527,39.0,-78.85,2.0
2020-10-15,15.9025,34.5402,40.0,-78.85,2.0
2020-10-15,15.4382,34.6237,41.0,-78.85,2.0
2020-10-15,14.9093,34.7721,42.0,-78.85,2.0
2020-10-15,14.6899,34.932,43.0,-78.85,2.0
2020-10-15,14.6478,34.9088,44.0,-78.85,2.0
2020-10-15,14.5613,34.9087,45.0,-78.85,2.0
2020-10-15,14.491,34.9326,46.0,-78.85,2.0
2020-10-15,14.451,34.9356,47.0,-78.85,2.0
2020-10-15,14.4102,34.9284,48.0,-78.85,2.0
2020-10-15,14.3745,34.9427,49.0,-78.85,2.0
2020-10-15,14.3589,34.9489,50.0,-78.85,2.0
2020-10-15,14.3311,34.9331,51.0,-78.85,2.0
2020-10-15,14.2928,34.9472,52.0,-78.85,2.0
2020-10-15,14.2596,34.9506,53.0,-78.85,2.0
2020-10-15,14.2415,34.9568,54.0,-78.85,2.0
2020-10-15,14.233,34.9551,55.0,-78.85,2.0
2020-10-15,14.2254,34.9559,56.0,-78.85,2.0
2020-10-15,14.2203,34.9525,57.0,-78.85,2.0
2020-10-15,14.2121,34.9506,58.0,-78.85,2.0
2020-10-15,14.2088,34.9528,59.0,-78.85,2.0
2020-10-15,14.2085,34.9529,60.0,-78.85,2.0
2020-10-15,14.208,34.9501,61.0,-78.85,2.0
2020-10-15,14.2051,34.9472,62.0,-78.85,2.0
2020-10-15,14.1983,34.9461,63.0,-78.85,2.0
2020-10-15,14.193,34.9472,64.0,-78.85,2.0
2020-10-15,14.1834,34.9375,65.0,-78.85,2.0
2020-10-15,14.1568,34.9375,66.0,-78.85,2.0
2020-10-15,14.1378,34.9413,67.0,-78.85,2.0
2020-10-15,14.1261,34.9421,68.0,-78.85,2.0
2020-10-15,14.1167,34.9442,69.0,-78.85,2.0
2020-10-15,14.1116,34.946,70.0,-78.85,2.0
2020-10-15,14.1094,34.9458,71.0,-78.85,2.0
2020-10-15,14.1077,34.9452,72.0,-78.85,2.0
2020-10-15,14.1066,34.9456,73.0,-78.85,2.0
2020-10-15,14.1144,34.9391,74.0,-78.85,2.0
2020-10-15,14.1077,34.942,75.0,-78.85,2.0
2020-10-15,14.1052,34.9446,76.0,-78.85,2.0
2020-10-15,14.1055,34.9437,77.0,-78.85,2.0
2020-10-15,14.1057,34.9438,78.0,-78.85,2.0
2020-10-15,14.106,34.9434,79.0,-78.85,2.0
2020-10-15,14.1238,34.9412,80.0,-78.85,2.0
2020-10-29,25.8504,26.3001,1.0,-78.85,2.0
2020-10-29,26.9167,30.6323,2.0,-78.85,2.0
2020-10-29,27.1322,30.1198,3.0,-78.85,2.0
2020-10-29,27.1367,30.3168,4.0,-78.85,2.0
2020-10-29,27.2145,30.7597,5.0,-78.85,2.0
2020-10-29,27.2267,30.8278,6.0,-78.85,2.0
2020-10-29,27.2273,30.8298,7.0,-78.85,2.0
2020-10-29,27.228,30.8296,8.0,-78.85,2.0
2020-10-29,27.2284,30.8323,9.0,-78.85,2.0
2020-10-29,27.2296,30.8359,10.0,-78.85,2.0
2020-10-29,27.2308,30.835,11.0,-78.85,2.0
2020-10-29,27.2313,30.8379,12.0,-78.85,2.0
2020-10-29,27.2317,30.8409,13.0,-78.85,2.0
2020-10-29,27.2317,30.8485,14.0,-78.85,2.0
2020-10-29,27.231,30.8526,15.0,-78.85,2.0
2020-10-29,27.2291,30.8536,16.0,-78.85,2.0
2020-10-29,27.2256,30.8537,17.0,-78.85,2.0
2020-10-29,27.2217,30.8537,18.0,-78.85,2.0
2020-10-29,27.2185,30.8563,19.0,-78.85,2.0
2020-10-29,27.2169,30.9019,20.0,-78.85,2.0
2020-10-29,27.2266,31.0954,21.0,-78.85,2.0
2020-10-29,27.2226,31.2199,22.0,-78.85,2.0
2020-10-29,27.176,31.2948,23.0,-78.85,2.0
2020-10-29,27.1375,31.3534,24.0,-78.85,2.0
2020-10-29,27.1118,31.4195,25.0,-78.85,2.0
2020-10-29,27.0843,31.4852,26.0,-78.85,2.0
2020-10-29,27.056,31.5387,27.0,-78.85,2.0
2020-10-29,27.0328,31.5666,28.0,-78.85,2.0
2020-10-29,27.0209,31.5815,29.0,-78.85,2.0
2020-10-29,27.0155,31.5916,30.0,-78.85,2.0
2020-10-29,27.0109,31.5986,31.0,-78.85,2.0
2020-10-29,27.008,31.6047,32.0,-78.85,2.0
2020-10-29,27.0061,31.6142,33.0,-78.85,2.0
2020-10-29,27.0037,31.6266,34.0,-78.85,2.0
2020-10-29,27.0003,31.6379,35.0,-78.85,2.0
2020-10-29,26.9982,31.6489,36.0,-78.85,2.0
2020-10-29,26.9979,31.6581,37.0,-78.85,2.0
2020-10-29,26.999,31.6652,38.0,-78.85,2.0
2020-10-29,27.0011,31.676,39.0,-78.85,2.0
2020-10-29,27.0064,31.6881,40.0,-78.85,2.0
2020-10-29,27.0154,31.6783,41.0,-78.85,2.0
2020-10-29,26.9685,31.5754,42.0,-78.85,2.0
2020-10-29,26.7255,31.5955,43.0,-78.85,2.0
2020-10-29,26.3598,31.5365,44.0,-78.85,2.0
2020-10-29,24.8239,29.3545,45.0,-78.85,2.0
2020-10-29,19.9133,31.2065,46.0,-78.85,2.0
2020-10-29,16.3127,33.5174,47.0,-78.85,2.0
2020-10-29,14.863,34.6134,48.0,-78.85,2.0
2020-10-29,14.4505,34.943,49.0,-78.85,2.0
2020-10-29,14.3534,35.004,50.0,-78.85,2.0
2020-10-29,14.3205,35.0107,51.0,-78.85,2.0
2020-10-29,14.3008,35.0055,52.0,-78.85,2.0
2020-10-29,14.2857,35.0005,53.0,-78.85,2.0
2020-10-29,14.274,35.0005,54.0,-78.85,2.0
2020-10-29,14.2679,34.997,55.0,-78.85,2.0
2020-10-29,14.2625,34.9911,56.0,-78.85,2.0
2020-10-29,14.2567,34.9893,57.0,-78.85,2.0
2020-10-29,14.2519,34.9853,58.0,-78.85,2.0
2020-10-29,14.2477,34.9825,59.0,-78.85,2.0
2020-10-29,14.2445,34.9782,60.0,-78.85,2.0
2020-10-29,14.2406,34.9741,61.0,-78.85,2.0
2020-10-29,14.236,34.973,62.0,-78.85,2.0
2020-10-29,14.2327,34.9715,63.0,-78.85,2.0
2020-10-29,14.2292,34.9651,64.0,-78.85,2.0
2020-10-29,14.2218,34.9634,65.0,-78.85,2.0
2020-10-29,14.214,34.9616,66.0,-78.85,2.0
2020-10-29,14.2069,34.9625,67.0,-78.85,2.0
2020-10-29,14.2028,34.9608,68.0,-78.85,2.0
2020-10-29,14.1993,34.9581,69.0,-78.85,2.0
2020-10-29,14.1946,34.9565,70.0,-78.85,2.0
2020-10-29,14.1893,34.9556,71.0,-78.85,2.0
2020-10-29,14.1843,34.9565,72.0,-78.85,2.0
2020-10-29,14.1806,34.9538,73.0,-78.85,2.0
2020-10-29,14.1755,34.9534,74.0,-78.85,2.0
2020-10-29,14.1716,34.9523,75.0,-78.85,2.0
2020-10-29,14.167,34.9509,76.0,-78.85,2.0
2020-10-29,14.1597,34.9261,77.0,-78.85,2.0
2020-10-29,14.1293,34.9118,78.0,-78.85,2.0
2020-10-29,14.0898,34.9306,79.0,-78.85,2.0
2020-10-29,14.068,34.939,80.0,-78.85,2.0
2020-11-17,26.5274,29.3934,1.0,-78.85,2.0
2020-11-17,26.8326,30.7336,2.0,-78.85,2.0
2020-11-17,27.0181,31.0369,3.0,-78.85,2.0
2020-11-17,26.9899,31.0164,4.0,-78.85,2.0
2020-11-17,26.9923,31.0151,5.0,-78.85,2.0
2020-11-17,26.9916,31.0147,6.0,-78.85,2.0
2020-11-17,26.9917,31.0147,7.0,-78.85,2.0
2020-11-17,26.9919,31.0153,8.0,-78.85,2.0
2020-11-17,26.9914,31.0149,9.0,-78.85,2.0
2020-11-17,26.9904,31.0228,10.0,-78.85,2.0
2020-11-17,26.9878,31.0314,11.0,-78.85,2.0
2020-11-17,26.9875,31.0344,12.0,-78.85,2.0
2020-11-17,26.9869,31.0384,13.0,-78.85,2.0
2020-11-17,26.9849,31.043,14.0,-78.85,2.0
2020-11-17,26.9809,31.0458,15.0,-78.85,2.0
2020-11-17,26.9756,31.0477,16.0,-78.85,2.0
2020-11-17,26.9719,31.0772,17.0,-78.85,2.0
2020-11-17,26.9753,31.1684,18.0,-78.85,2.0
2020-11-17,26.9772,31.2997,19.0,-78.85,2.0
2020-11-17,26.9436,31.4056,20.0,-78.85,2.0
2020-11-17,26.8967,31.454,21.0,-78.85,2.0
2020-11-17,26.8857,31.4876,22.0,-78.85,2.0
2020-11-17,26.8843,31.4979,23.0,-78.85,2.0
2020-11-17,26.85,31.5165,24.0,-78.85,2.0
2020-11-17,26.8377,31.5888,25.0,-78.85,2.0
2020-11-17,26.8529,31.5665,26.0,-78.85,2.0
2020-11-17,26.8407,31.5663,27.0,-78.85,2.0
2020-11-17,26.8194,31.5678,28.0,-78.85,2.0
2020-11-17,26.7874,31.5915,29.0,-78.85,2.0
2020-11-17,26.7711,31.5987,30.0,-78.85,2.0
2020-11-17,26.738,31.6044,31.0,-78.85,2.0
2020-11-17,26.7038,31.6075,32.0,-78.85,2.0
2020-11-17,26.6919,31.6034,33.0,-78.85,2.0
2020-11-17,26.6746,31.609,34.0,-78.85,2.0
2020-11-17,26.6583,31.6138,35.0,-78.85,2.0
2020-11-17,26.6384,31.5731,36.0,-78.85,2.0
2020-11-17,26.5797,31.5903,37.0,-78.85,2.0
2020-11-17,26.5517,31.6906,38.0,-78.85,2.0
2020-11-17,26.5797,31.7208,39.0,-78.85,2.0
2020-11-17,26.5979,31.7384,40.0,-78.85,2.0
2020-11-17,26.5861,31.7269,41.0,-78.85,2.0
2020-11-17,26.5427,31.7054,42.0,-78.85,2.0
2020-11-17,26.4798,31.7577,43.0,-78.85,2.0
2020-11-17,26.4532,31.7698,44.0,-78.85,2.0
2020-11-17,26.3743,31.7478,45.0,-78.85,2.0
2020-11-17,26.3237,31.7279,46.0,-78.85,2.0
2020-11-17,26.2695,31.7333,47.0,-78.85,2.0
2020-11-17,26.2234,31.7583,48.0,-78.85,2.0
2020-11-17,26.1511,31.7514,49.0,-78.85,2.0
2020-11-17,26.0162,31.7681,50.0,-78.85,2.0
2020-11-17,25.915,31.8113,51.0,-78.85,2.0
2020-11-17,25.8609,31.8189,52.0,-78.85,2.0
2020-11-17,25.7964,31.84,53.0,-78.85,2.0
2020-11-17,25.716,31.876,54.0,-78.85,2.0
2020-11-17,25.6538,31.8898,55.0,-78.85,2.0
2020-11-17,25.57,31.9168,56.0,-78.85,2.0
2020-11-17,25.4413,31.7494,57.0,-78.85,2.0
2020-11-17,24.7837,31.7034,58.0,-78.85,2.0
2020-11-17,23.8509,32.1115,59.0,-78.85,2.0
2020-11-17,23.2724,32.2998,60.0,-78.85,2.0
2020-11-17,22.8084,32.466,61.0,-78.85,2.0
2020-11-17,22.4055,32.5838,62.0,-78.85,2.0
2020-11-17,22.0399,32.7225,63.0,-78.85,2.0
2020-11-17,21.7234,32.7648,64.0,-78.85,2.0
2020-11-17,21.3187,32.8569,65.0,-78.85,2.0
2020-11-17,20.7361,32.7341,66.0,-78.85,2.0
2020-11-17,18.7971,32.1928,67.0,-78.85,2.0
2020-11-17,16.0567,33.8388,68.0,-78.85,2.0
2020-11-17,14.8942,34.6738,69.0,-78.85,2.0
2020-11-17,14.5238,34.8491,70.0,-78.85,2.0
2020-11-17,14.2772,34.9546,71.0,-78.85,2.0
2020-11-17,14.2462,34.9343,72.0,-78.85,2.0
2020-11-17,14.208,34.9232,73.0,-78.85,2.0
2020-11-17,14.1629,34.9332,74.0,-78.85,2.0
2020-11-17,14.1253,34.9372,75.0,-78.85,2.0
2020-11-17,14.0948,34.9393,76.0,-78.85,2.0
2020-11-17,14.0689,34.9402,77.0,-78.85,2.0
2020-11-17,14.047,34.9413,78.0,-78.85,2.0
2020-11-17,14.0273,34.9399,79.0,-78.85,2.0
2020-11-17,14.0073,34.9559,80.0,-78.85,2.0
2020-11-30,25.5804,26.433,1.0,-78.85,2.0
2020-11-30,26.6102,31.3,2.0,-78.85,2.0
2020-11-30,26.6854,31.3186,3.0,-78.85,2.0
2020-11-30,26.7074,31.3001,4.0,-78.85,2.0
2020-11-30,26.7138,31.2882,5.0,-78.85,2.0
2020-11-30,26.6564,31.2555,6.0,-78.85,2.0
2020-11-30,26.5938,31.3187,7.0,-78.85,2.0
2020-11-30,26.7569,31.3336,8.0,-78.85,2.0
2020-11-30,26.7361,31.3325,9.0,-78.85,2.0
2020-11-30,26.736,31.3319,10.0,-78.85,2.0
2020-11-30,26.7348,31.3293,11.0,-78.85,2.0
2020-11-30,26.7341,31.3308,12.0,-78.85,2.0
2020-11-30,26.7346,31.3334,13.0,-78.85,2.0
2020-11-30,26.7382,31.3338,14.0,-78.85,2.0
2020-11-30,26.7364,31.3335,15.0,-78.85,2.0
2020-11-30,26.737,31.3348,16.0,-78.85,2.0
2020-11-30,26.7392,31.3485,17.0,-78.85,2.0
2020-11-30,26.7446,31.3528,18.0,-78.85,2.0
2020-11-30,26.7487,31.3524,19.0,-78.85,2.0
2020-11-30,26.7511,31.3568,20.0,-78.85,2.0
2020-11-30,26.7543,31.3862,21.0,-78.85,2.0
2020-11-30,26.7681,31.3987,22.0,-78.85,2.0
2020-11-30,26.7765,31.412,23.0,-78.85,2.0
2020-11-30,26.7841,31.4198,24.0,-78.85,2.0
2020-11-30,26.7895,31.4221,25.0,-78.85,2.0
2020-11-30,26.7924,31.4264,26.0,-78.85,2.0
2020-11-30,26.7956,31.4529,27.0,-78.85,2.0
2020-11-30,26.8049,31.4688,28.0,-78.85,2.0
2020-11-30,26.8135,31.4863,29.0,-78.85,2.0
2020-11-30,26.822,31.5056,30.0,-78.85,2.0
2020-11-30,26.8305,31.5322,31.0,-78.85,2.0
2020-11-30,26.84,31.5542,32.0,-78.85,2.0
2020-11-30,26.8486,31.5903,33.0,-78.85,2.0
2020-11-30,26.8592,31.6246,34.0,-78.85,2.0
2020-11-30,26.8676,31.6742,35.0,-78.85,2.0
2020-11-30,26.87,31.7306,36.0,-78.85,2.0
2020-11-30,26.8661,31.7991,37.0,-78.85,2.0
2020-11-30,26.8553,31.9117,38.0,-78.85,2.0
2020-11-30,26.8343,32.1085,39.0,-78.85,2.0
2020-11-30,26.7674,32.2163,40.0,-78.85,2.0
2020-11-30,26.6601,32.1021,41.0,-78.85,2.0
2020-11-30,26.2609,31.9589,42.0,-78.85,2.0
2020-11-30,25.5535,32.1264,43.0,-78.85,2.0
2020-11-30,24.8757,32.3845,44.0,-78.85,2.0
2020-11-30,24.4107,31.985,45.0,-78.85,2.0
2020-11-30,22.6851,30.3662,46.0,-78.85,2.0
2020-11-30,17.8835,31.828,47.0,-78.85,2.0
2020-11-30,15.263,34.1925,48.0,-78.85,2.0
2020-11-30,14.5399,34.7536,49.0,-78.85,2.0
2020-11-30,14.2908,34.9409,50.0,-78.85,2.0
2020-11-30,14.2359,34.967,51.0,-78.85,2.0
2020-11-30,14.2144,34.959,52.0,-78.85,2.0
2020-11-30,14.1936,34.9616,53.0,-78.85,2.0
2020-11-30,14.1806,34.9524,54.0,-78.85,2.0
2020-11-30,14.1601,34.9452,55.0,-78.85,2.0
2020-11-30,14.1406,34.9492,56.0,-78.85,2.0
2020-11-30,14.1292,34.9503,57.0,-78.85,2.0
2020-11-30,14.1251,34.9465,58.0,-78.85,2.0
2020-11-30,14.1217,34.9388,59.0,-78.85,2.0
2020-11-30,14.1127,34.9326,60.0,-78.85,2.0
2020-11-30,14.1009,34.9344,61.0,-78.85,2.0
2020-11-30,14.0899,34.9301,62.0,-78.85,2.0
2020-11-30,14.0788,34.9316,63.0,-78.85,2.0
2020-11-30,14.0663,34.9201,64.0,-78.85,2.0
2020-11-30,14.0331,34.9015,65.0,-78.85,2.0
2020-11-30,13.9753,34.9121,66.0,-78.85,2.0
2020-11-30,13.936,34.9101,67.0,-78.85,2.0
2020-11-30,13.9011,34.9206,68.0,-78.85,2.0
2020-11-30,13.8813,34.9273,69.0,-78.85,2.0
2020-11-30,13.8719,34.932,70.0,-78.85,2.0
2020-11-30,13.8689,34.9311,71.0,-78.85,2.0
2020-11-30,13.8673,34.93,72.0,-78.85,2.0
2020-11-30,13.8666,34.9288,73.0,-78.85,2.0
2020-11-30,13.8664,34.9273,74.0,-78.85,2.0
2020-11-30,13.8651,34.926,75.0,-78.85,2.0
2020-11-30,13.8636,34.9242,76.0,-78.85,2.0
2020-11-30,13.8615,34.9235,77.0,-78.85,2.0
2020-11-30,13.8675,34.9084,78.0,-78.85,2.0
2020-11-30,13.89,34.8711,79.0,-78.85,2.0
2020-11-30,13.8932,34.9117,80.0,-78.85,2.0
2020-12-15,26.2946,26.2768,1.0,-78.85,2.0
2020-12-15,26.8178,31.222,2.0,-78.85,2.0
2020-12-15,26.7895,31.1831,3.0,-78.85,2.0
2020-12-15,26.9078,31.3188,4.0,-78.85,2.0
2020-12-15,26.8905,31.308,5.0,-78.85,2.0
2020-12-15,26.8902,31.3081,6.0,-78.85,2.0
2020-12-15,26.89,31.3149,7.0,-78.85,2.0
2020-12-15,26.8922,31.322,8.0,-78.85,2.0
2020-12-15,26.8949,31.3275,9.0,-78.85,2.0
2020-12-15,26.8974,31.3398,10.0,-78.85,2.0
2020-12-15,26.8996,31.3483,11.0,-78.85,2.0
2020-12-15,26.9009,31.3697,12.0,-78.85,2.0
2020-12-15,26.9038,31.3899,13.0,-78.85,2.0
2020-12-15,26.9105,31.3943,14.0,-78.85,2.0
2020-12-15,26.9141,31.3983,15.0,-78.85,2.0
2020-12-15,26.9139,31.409,16.0,-78.85,2.0
2020-12-15,26.9094,31.45,17.0,-78.85,2.0
2020-12-15,26.9039,31.5379,18.0,-78.85,2.0
2020-12-15,26.8739,31.7032,19.0,-78.85,2.0
2020-12-15,26.8087,31.9127,20.0,-78.85,2.0
2020-12-15,26.7259,32.1009,21.0,-78.85,2.0
2020-12-15,26.6512,32.1584,22.0,-78.85,2.0
2020-12-15,26.6175,32.1725,23.0,-78.85,2.0
2020-12-15,26.5971,32.1742,24.0,-78.85,2.0
2020-12-15,26.5807,32.1722,25.0,-78.85,2.0
2020-12-15,26.5634,32.1581,26.0,-78.85,2.0
2020-12-15,26.5316,32.1438,27.0,-78.85,2.0
2020-12-15,26.487,32.1452,28.0,-78.85,2.0
2020-12-15,26.4398,32.1559,29.0,-78.85,2.0
2020-12-15,26.4076,32.173,30.0,-78.85,2.0
2020-12-15,26.385,32.1913,31.0,-78.85,2.0
2020-12-15,26.3701,32.2036,32.0,-78.85,2.0
2020-12-15,26.3643,32.2071,33.0,-78.85,2.0
2020-12-15,26.3589,32.215,34.0,-78.85,2.0
2020-12-15,26.3564,32.2181,35.0,-78.85,2.0
2020-12-15,26.357,32.2195,36.0,-78.85,2.0
2020-12-15,26.3569,32.2201,37.0,-78.85,2.0
2020-12-15,26.3566,32.2211,38.0,-78.85,2.0
2020-12-15,26.3567,32.2235,39.0,-78.85,2.0
2020-12-15,26.3562,32.226,40.0,-78.85,2.0
2020-12-15,26.3557,32.2292,41.0,-78.85,2.0
2020-12-15,26.3554,32.2354,42.0,-78.85,2.0
2020-12-15,26.3565,32.2411,43.0,-78.85,2.0
2020-12-15,26.3598,32.249,44.0,-78.85,2.0
2020-12-15,26.3659,32.2562,45.0,-78.85,2.0
2020-12-15,26.3737,32.2701,46.0,-78.85,2.0
2020-12-15,26.388,32.2835,47.0,-78.85,2.0
2020-12-15,26.4071,32.3148,48.0,-78.85,2.0
2020-12-15,26.4154,32.2974,49.0,-78.85,2.0
2020-12-15,26.3726,32.2875,50.0,-78.85,2.0
2020-12-15,26.3176,32.3095,51.0,-78.85,2.0
2020-12-15,26.1497,31.5063,52.0,-78.85,2.0
2020-12-15,23.4384,29.8613,53.0,-78.85,2.0
2020-12-15,18.4795,32.6101,54.0,-78.85,2.0
2020-12-15,15.7219,34.068,55.0,-78.85,2.0
2020-12-15,14.3448,34.7628,56.0,-78.85,2.0
2020-12-15,14.1255,34.9014,57.0,-78.85,2.0
2020-12-15,14.0566,34.9422,58.0,-78.85,2.0
2020-12-15,14.0308,34.9541,59.0,-78.85,2.0
2020-12-15,14.0235,34.9511,60.0,-78.85,2.0
2020-12-15,14.0173,34.9356,61.0,-78.85,2.0
2020-12-15,13.9925,34.9023,62.0,-78.85,2.0
2020-12-15,13.928,34.8881,63.0,-78.85,2.0
2020-12-15,13.8601,34.9225,64.0,-78.85,2.0
2020-12-15,13.8289,34.93,65.0,-78.85,2.0
2020-12-15,13.8034,34.9205,66.0,-78.85,2.0
2020-12-15,13.7719,34.922,67.0,-78.85,2.0
2020-12-15,13.7441,34.9214,68.0,-78.85,2.0
2020-12-15,13.7174,34.9131,69.0,-78.85,2.0
2020-12-15,13.6864,34.9239,70.0,-78.85,2.0
2020-12-15,13.6699,34.9367,71.0,-78.85,2.0
2020-12-15,13.6657,34.9377,72.0,-78.85,2.0
2020-12-15,13.6644,34.9381,73.0,-78.85,2.0
2020-12-15,13.6637,34.9335,74.0,-78.85,2.0
2020-12-15,13.6611,34.9343,75.0,-78.85,2.0
2020-12-15,13.6596,34.9338,76.0,-78.85,2.0
2020-12-15,13.6585,34.9327,77.0,-78.85,2.0
2020-12-15,13.6591,34.9291,78.0,-78.85,2.0
2020-12-15,13.6636,34.9161,79.0,-78.85,2.0
2020-12-15,13.6556,34.9103,80.0,-78.85,2.0
2020-12-28,25.7884,29.3286,1.0,-78.85,2.0
2020-12-28,26.2351,31.0663,2.0,-78.85,2.0
2020-12-28,26.3596,31.3206,3.0,-78.85,2.0
2020-12-28,26.3882,31.3168,4.0,-78.85,2.0
2020-12-28,26.3971,31.3127,5.0,-78.85,2.0
2020-12-28,26.3999,31.3141,6.0,-78.85,2.0
2020-12-28,26.4035,31.3246,7.0,-78.85,2.0
2020-12-28,26.3681,31.357,8.0,-78.85,2.0
2020-12-28,26.4354,31.4006,9.0,-78.85,2.0
2020-12-28,26.4418,31.4171,10.0,-78.85,2.0
2020-12-28,26.4402,31.4576,11.0,-78.85,2.0
2020-12-28,26.4298,31.5156,12.0,-78.85,2.0
2020-12-28,26.4033,31.5903,13.0,-78.85,2.0
2020-12-28,26.3698,31.7005,14.0,-78.85,2.0
2020-12-28,26.3268,31.7788,15.0,-78.85,2.0
2020-12-28,26.2712,31.8629,16.0,-78.85,2.0
2020-12-28,26.2397,31.9187,17.0,-78.85,2.0
2020-12-28,26.2123,31.9717,18.0,-78.85,2.0
2020-12-28,26.21,31.9751,19.0,-78.85,2.0
2020-12-28,26.2087,31.9758,20.0,-78.85,2.0
2020-12-28,26.1972,31.9783,21.0,-78.85,2.0
2020-12-28,26.1947,31.9907,22.0,-78.85,2.0
2020-12-28,26.1984,31.9931,23.0,-78.85,2.0
2020-12-28,26.1833,31.9852,24.0,-78.85,2.0
2020-12-28,26.1666,31.9831,25.0,-78.85,2.0
2020-12-28,26.1518,31.9839,26.0,-78.85,2.0
2020-12-28,26.1354,31.9949,27.0,-78.85,2.0
2020-12-28,26.1271,32.0045,28.0,-78.85,2.0
2020-12-28,26.123,32.0138,29.0,-78.85,2.0
2020-12-28,26.1135,32.0213,30.0,-78.85,2.0
2020-12-28,26.1038,32.0354,31.0,-78.85,2.0
2020-12-28,26.0975,32.0581,32.0,-78.85,2.0
2020-12-28,26.0936,32.0764,33.0,-78.85,2.0
2020-12-28,26.0814,32.0874,34.0,-78.85,2.0
2020-12-28,26.0745,32.1192,35.0,-78.85,2.0
2020-12-28,26.0605,32.1092,36.0,-78.85,2.0
2020-12-28,26.0326,32.1403,37.0,-78.85,2.0
2020-12-28,26.0188,32.1308,38.0,-78.85,2.0
2020-12-28,25.9779,32.1619,39.0,-78.85,2.0
2020-12-28,25.9414,32.1388,40.0,-78.85,2.0
2020-12-28,25.7537,32.126,41.0,-78.85,2.0
2020-12-28,25.43,32.208,42.0,-78.85,2.0
2020-12-28,25.077,32.3379,43.0,-78.85,2.0
2020-12-28,24.8922,32.4065,44.0,-78.85,2.0
2020-12-28,24.7492,32.4527,45.0,-78.85,2.0
2020-12-28,24.6312,32.4885,46.0,-78.85,2.0
2020-12-28,24.5714,32.5066,47.0,-78.85,2.0
2020-12-28,24.5278,32.5119,48.0,-78.85,2.0
2020-12-28,24.4555,32.4746,49.0,-78.85,2.0
2020-12-28,22.4789,30.9905,50.0,-78.85,2.0
2020-12-28,16.6035,33.421,51.0,-78.85,2.0
2020-12-28,14.8244,34.7768,52.0,-78.85,2.0
2020-12-28,14.6073,34.9271,53.0,-78.85,2.0
2020-12-28,14.591,34.9257,54.0,-78.85,2.0
2020-12-28,14.5854,34.9213,55.0,-78.85,2.0
2020-12-28,14.5827,34.9143,56.0,-78.85,2.0
2020-12-28,14.5797,34.9074,57.0,-78.85,2.0
2020-12-28,14.5739,34.9018,58.0,-78.85,2.0
2020-12-28,14.5604,34.8907,59.0,-78.85,2.0
2020-12-28,14.5334,34.8793,60.0,-78.85,2.0
2020-12-28,14.4995,34.8883,61.0,-78.85,2.0
2020-12-28,14.4733,34.8905,62.0,-78.85,2.0
2020-12-28,14.4487,34.8935,63.0,-78.85,2.0
2020-12-28,14.4339,34.8936,64.0,-78.85,2.0
2020-12-28,14.4235,34.8919,65.0,-78.85,2.0
2020-12-28,14.4117,34.8839,66.0,-78.85,2.0
2020-12-28,14.3943,34.8839,67.0,-78.85,2.0
2020-12-28,14.3731,34.8809,68.0,-78.85,2.0
2020-12-28,14.357,34.8858,69.0,-78.85,2.0
2020-12-28,14.3449,34.8877,70.0,-78.85,2.0
2020-12-28,14.339,34.8887,71.0,-78.85,2.0
2020-12-28,14.3377,34.8888,72.0,-78.85,2.0
2020-12-28,14.3338,34.8818,73.0,-78.85,2.0
2020-12-28,14.3232,34.8832,74.0,-78.85,2.0
2020-12-28,14.3155,34.8842,75.0,-78.85,2.0
2020-12-28,14.3122,34.8849,76.0,-78.85,2.0
2020-12-28,14.3076,34.8804,77.0,-78.85,2.0
2020-12-28,14.3013,34.8845,78.0,-78.85,2.0
2020-12-28,14.2991,34.887,79.0,-78.85,2.0
2020-12-28,14.3348,34.915,80.0,-78.85,2.0
